capture,chain,indices,requests,taffy_misses,taffy_ms
perfetto-cache-r1-group-back,0,0,0,33,0.6545
perfetto-cache-r1-group-open,0,0 / 1 / 2,4 / 2 / 0,175 / 71 / 66,7.15275
perfetto-cache-r1-group-open,1,3,0,49,1.77575
perfetto-cache-r1-group-open,2,4 / 5 / 6 / 7 / 8 / 9,413 / 366 / 135 / 5 / 1 / 0,1800 / 1938 / 1654 / 1615 / 107 / 70,178.524291
perfetto-cache-r1-group-open,3,10,0,89,4.459292
perfetto-cache-r1-reader-back,0,0,0,96,5.820167
perfetto-cache-r1-reader-back,1,1 / 2 / 3 / 4,13 / 12 / 4 / 0,205 / 146 / 106 / 105,18.338458
perfetto-cache-r1-reader-back,2,5,0,58,2.520375
perfetto-cache-r1-reader-open,0,0,0,49,1.916542
perfetto-cache-r1-reader-open,1,1,0,79,1.049583
perfetto-cache-r1-reader-open,2,2,0,648,7.789792
perfetto-cache-r1-reader-open,3,3,0,69,1.172209
perfetto-cache-r1-reader-open,4,4,0,160,3.240708
perfetto-cache-r1-reader-open,5,5,0,94,3.862916
perfetto-cache-r1-scroll,0,0 / 1 / 2 / 3,13 / 12 / 4 / 0,145 / 146 / 106 / 105,22.091457
perfetto-cache-r1-scroll,1,4 / 5 / 6 / 7,39 / 36 / 12 / 0,262 / 273 / 212 / 209,33.372208
perfetto-cache-r1-scroll,2,8 / 9 / 10 / 11,39 / 36 / 12 / 0,265 / 276 / 212 / 209,23.179291
perfetto-cache-r1-scroll,3,12,0,49,0.446833
perfetto-cache-r1-scroll,4,13 / 14 / 15 / 16,39 / 36 / 12 / 0,268 / 279 / 212 / 209,21.942168
perfetto-cache-r1-scroll,5,17,0,99,3.1015
perfetto-cache-r1-scroll,6,18 / 19 / 20 / 21,13 / 12 / 4 / 0,155 / 156 / 106 / 105,22.34725
perfetto-cache-r1-scroll,7,22,0,49,1.611875
perfetto-cache-r1-scroll,8,23 / 24 / 25 / 26,26 / 24 / 8 / 0,214 / 220 / 159 / 157,30.266542
perfetto-cache-r1-scroll,9,27 / 28 / 29 / 30,26 / 24 / 8 / 0,218 / 222 / 159 / 157,22.142709
perfetto-cache-r1-scroll,10,31 / 32 / 33 / 34,13 / 12 / 4 / 0,162 / 161 / 106 / 105,29.577207
perfetto-cache-r1-scroll,11,35 / 36 / 37 / 38,39 / 36 / 12 / 0,279 / 288 / 212 / 209,38.762291
perfetto-cache-r1-scroll,12,39,0,49,0.931833
perfetto-cache-r1-scroll,13,40 / 41 / 42 / 43,39 / 36 / 12 / 0,280 / 291 / 212 / 209,31.863167
perfetto-cache-r1-scroll,14,44,0,49,0.472917
perfetto-cache-r1-scroll,15,45 / 46 / 47 / 48,26 / 24 / 8 / 0,225 / 231 / 159 / 157,36.881374
perfetto-cache-r1-scroll,16,49 / 50 / 51 / 52,26 / 24 / 8 / 0,232 / 232 / 159 / 157,33.321499
perfetto-cache-r1-scroll,17,53 / 54 / 55 / 56,26 / 24 / 8 / 0,233 / 233 / 159 / 157,34.855833
perfetto-cache-r1-scroll,18,57,0,49,1.094041
perfetto-cache-r1-scroll,19,58 / 59 / 60 / 61,26 / 24 / 8 / 0,230 / 232 / 159 / 157,20.199127
perfetto-cache-r1-scroll,20,62,0,60,2.139625
perfetto-cache-r1-scroll,21,63 / 64 / 65 / 66,13 / 12 / 4 / 0,173 / 170 / 106 / 105,25.523417
perfetto-cache-r1-scroll,22,67 / 68 / 69 / 70,26 / 24 / 8 / 0,232 / 232 / 159 / 157,28.029959
perfetto-cache-r1-scroll,23,71 / 72 / 73 / 74,13 / 12 / 4 / 0,175 / 170 / 106 / 105,25.331916
perfetto-cache-r1-scroll,24,75 / 76 / 77 / 78,39 / 36 / 12 / 0,289 / 294 / 212 / 209,43.483501
perfetto-cache-r1-scroll,25,79,0,49,1.184833
perfetto-cache-r1-scroll,26,80 / 81 / 82 / 83,52 / 48 / 16 / 0,345 / 357 / 265 / 261,45.387292
perfetto-cache-r1-scroll,27,84,0,118,7.876041
perfetto-cache-r1-scroll,28,85 / 86 / 87 / 88,26 / 24 / 8 / 0,230 / 232 / 159 / 157,29.381792
perfetto-cache-r1-scroll,29,89 / 90 / 91 / 92,52 / 48 / 16 / 0,347 / 357 / 265 / 261,34.088709
perfetto-cache-r1-scroll,30,93 / 94 / 95 / 96,26 / 24 / 8 / 0,230 / 232 / 159 / 157,40.926541
perfetto-cache-r1-scroll,31,97 / 98 / 99 / 100,39 / 36 / 12 / 0,287 / 294 / 212 / 209,48.083042
perfetto-cache-r1-scroll,32,101 / 102 / 103 / 104,52 / 48 / 16 / 0,344 / 356 / 265 / 261,51.072041
perfetto-cache-r2-group-back,0,0,0,33,0.128542
perfetto-cache-r2-group-open,0,0 / 1 / 2,4 / 2 / 0,175 / 71 / 66,4.094916
perfetto-cache-r2-group-open,1,3,0,49,0.453167
perfetto-cache-r2-group-open,2,4 / 5 / 6 / 7 / 8 / 9,413 / 366 / 135 / 5 / 1 / 0,1800 / 1938 / 1654 / 1615 / 107 / 70,169.968334
perfetto-cache-r2-group-open,3,10,0,89,3.48625
perfetto-cache-r2-reader-back,0,0,0,96,3.720333
perfetto-cache-r2-reader-back,1,1 / 2 / 3 / 4,13 / 12 / 4 / 0,205 / 146 / 106 / 105,33.537166
perfetto-cache-r2-reader-back,2,5,0,58,3.250584
perfetto-cache-r2-reader-open,0,0,0,49,0.568333
perfetto-cache-r2-reader-open,1,1,0,79,2.959125
perfetto-cache-r2-reader-open,2,2,0,648,9.555333
perfetto-cache-r2-reader-open,3,3,0,69,1.226542
perfetto-cache-r2-reader-open,4,4,0,160,1.584709
perfetto-cache-r2-reader-open,5,5,0,94,0.882875
perfetto-cache-r2-scroll,0,0 / 1 / 2 / 3,13 / 12 / 4 / 0,145 / 146 / 106 / 105,21.369292
perfetto-cache-r2-scroll,1,4 / 5 / 6 / 7,26 / 24 / 8 / 0,204 / 210 / 159 / 157,35.731333
perfetto-cache-r2-scroll,2,8 / 9 / 10 / 11,26 / 24 / 8 / 0,206 / 212 / 159 / 157,8.385459
perfetto-cache-r2-scroll,3,12,0,49,0.199917
perfetto-cache-r2-scroll,4,13 / 14 / 15 / 16,39 / 36 / 12 / 0,266 / 277 / 212 / 209,7.077041
perfetto-cache-r2-scroll,5,17,0,49,0.226584
perfetto-cache-r2-scroll,6,18 / 19 / 20 / 21,13 / 12 / 4 / 0,153 / 154 / 106 / 105,4.905668
perfetto-cache-r2-scroll,7,22,0,98,1.289041
perfetto-cache-r2-scroll,8,23 / 24 / 25 / 26,26 / 24 / 8 / 0,212 / 218 / 159 / 157,5.412501
perfetto-cache-r2-scroll,9,27,0,49,0.395709
perfetto-cache-r2-scroll,10,28 / 29 / 30 / 31,13 / 12 / 4 / 0,156 / 157 / 106 / 105,4.121375
perfetto-cache-r2-scroll,11,32,0,49,0.201041
perfetto-cache-r2-scroll,12,33 / 34 / 35 / 36,13 / 12 / 4 / 0,157 / 158 / 106 / 105,4.224751
perfetto-cache-r2-scroll,13,37,0,49,0.251
perfetto-cache-r2-scroll,14,38 / 39 / 40 / 41,13 / 12 / 4 / 0,158 / 159 / 106 / 105,4.277792
perfetto-cache-r2-scroll,15,42,0,60,0.7635
perfetto-cache-r2-scroll,16,43 / 44 / 45 / 46,13 / 12 / 4 / 0,159 / 160 / 106 / 105,4.258709
perfetto-cache-r2-scroll,17,47,0,49,0.187625
perfetto-cache-r2-scroll,18,48 / 49 / 50 / 51,13 / 12 / 4 / 0,160 / 161 / 106 / 105,4.379042
perfetto-cache-r2-scroll,19,52,0,49,0.211584
perfetto-cache-r2-scroll,20,53 / 54 / 55 / 56,13 / 12 / 4 / 0,161 / 162 / 106 / 105,4.342417
perfetto-cache-r2-scroll,21,57,0,106,1.213042
perfetto-cache-r2-scroll,22,58 / 59 / 60 / 61,13 / 12 / 4 / 0,162 / 163 / 106 / 105,4.507417
perfetto-cache-r2-scroll,23,62,0,49,0.193458
perfetto-cache-r2-scroll,24,63 / 64 / 65 / 66,13 / 12 / 4 / 0,163 / 164 / 106 / 105,4.712501
perfetto-cache-r2-scroll,25,67,0,108,1.162625
perfetto-cache-r2-scroll,26,68 / 69 / 70 / 71,13 / 12 / 4 / 0,164 / 165 / 106 / 105,4.602126
perfetto-cache-r2-scroll,27,72,0,109,1.112917
perfetto-cache-r2-scroll,28,73 / 74 / 75 / 76,13 / 12 / 4 / 0,165 / 166 / 106 / 105,4.979834
perfetto-cache-r2-scroll,29,77,0,49,0.186625
perfetto-cache-r2-scroll,30,78 / 79 / 80 / 81,13 / 12 / 4 / 0,166 / 167 / 106 / 105,5.287376
perfetto-cache-r2-scroll,31,82,0,49,0.207
perfetto-cache-r2-scroll,32,83 / 84 / 85 / 86,13 / 12 / 4 / 0,167 / 168 / 106 / 105,5.252374
perfetto-cache-r2-scroll,33,87,0,49,0.1955
perfetto-cache-r2-scroll,34,88 / 89 / 90 / 91,13 / 12 / 4 / 0,168 / 169 / 106 / 105,4.788708
perfetto-cache-r2-scroll,35,92,0,49,0.2065
perfetto-cache-r2-scroll,36,93 / 94 / 95 / 96,13 / 12 / 4 / 0,169 / 170 / 106 / 105,5.064875
perfetto-cache-r2-scroll,37,97,0,114,1.320792
perfetto-cache-r2-scroll,38,98 / 99 / 100 / 101,13 / 12 / 4 / 0,173 / 170 / 106 / 105,4.828084
perfetto-cache-r2-scroll,39,102,0,114,1.375625
perfetto-cache-r2-scroll,40,103 / 104 / 105 / 106,13 / 12 / 4 / 0,173 / 170 / 106 / 105,4.976208
perfetto-cache-r2-scroll,41,107,0,114,1.230709
perfetto-cache-r2-scroll,42,108 / 109 / 110 / 111,13 / 12 / 4 / 0,170 / 171 / 106 / 105,5.014915
perfetto-cache-r2-scroll,43,112,0,115,1.245333
perfetto-cache-r2-scroll,44,113,0,58,0.963708
perfetto-cache-r2-scroll,45,114 / 115 / 116 / 117,13 / 12 / 4 / 0,173 / 170 / 106 / 105,5.046416
perfetto-cache-r2-scroll,46,118,0,49,0.244292
perfetto-cache-r2-scroll,47,119 / 120 / 121 / 122,13 / 12 / 4 / 0,170 / 171 / 106 / 105,5.379583
perfetto-cache-r2-scroll,48,123,0,60,1.033208
perfetto-cache-r2-scroll,49,124,0,58,0.77575
perfetto-cache-r2-scroll,50,125 / 126 / 127 / 128,13 / 12 / 4 / 0,173 / 170 / 106 / 105,5.329416
perfetto-cache-r2-scroll,51,129,0,49,0.188667
perfetto-cache-r2-scroll,52,130 / 131 / 132 / 133,13 / 12 / 4 / 0,173 / 170 / 106 / 105,5.191126
perfetto-cache-r2-scroll,53,134,0,49,0.28475
perfetto-cache-r2-scroll,54,135 / 136 / 137 / 138,13 / 12 / 4 / 0,170 / 171 / 106 / 105,5.198375
perfetto-cache-r2-scroll,55,139,0,115,1.744792
perfetto-cache-r2-scroll,56,140,0,58,0.990625
perfetto-cache-r2-scroll,57,141 / 142 / 143 / 144,13 / 12 / 4 / 0,173 / 170 / 106 / 105,4.8795
perfetto-cache-r2-scroll,58,145,0,49,0.247334
perfetto-cache-r2-scroll,59,146 / 147 / 148 / 149,13 / 12 / 4 / 0,170 / 171 / 106 / 105,4.940125
perfetto-cache-r2-scroll,60,150,0,115,1.374166
perfetto-cache-r2-scroll,61,151,0,58,0.767875
perfetto-cache-r2-scroll,62,152 / 153 / 154 / 155,13 / 12 / 4 / 0,173 / 170 / 106 / 105,5.041542
perfetto-cache-r2-scroll,63,156,0,114,1.246
perfetto-cache-r2-scroll,64,157 / 158 / 159 / 160,13 / 12 / 4 / 0,173 / 170 / 106 / 105,4.809042
perfetto-cache-r2-scroll,65,161,0,49,0.22225
perfetto-cache-r2-scroll,66,162 / 163 / 164 / 165,13 / 12 / 4 / 0,170 / 171 / 106 / 105,5.313333
perfetto-cache-r2-scroll,67,166,0,49,0.257459
perfetto-cache-r2-scroll,68,167,0,58,0.77825
perfetto-cache-r2-scroll,69,168 / 169 / 170 / 171,13 / 12 / 4 / 0,173 / 170 / 106 / 105,5.05975
perfetto-cache-r2-scroll,70,172,0,49,0.256417
perfetto-cache-r2-scroll,71,173 / 174 / 175 / 176,13 / 12 / 4 / 0,170 / 171 / 106 / 105,4.948458
perfetto-cache-r2-scroll,72,177,0,49,0.251375
perfetto-cache-r2-scroll,73,178,0,58,0.811125
perfetto-cache-r2-scroll,74,179 / 180 / 181 / 182,13 / 12 / 4 / 0,173 / 170 / 106 / 105,5.101334
perfetto-cache-r2-scroll,75,183,0,114,1.241
perfetto-cache-r2-scroll,76,184 / 185 / 186 / 187,13 / 12 / 4 / 0,173 / 170 / 106 / 105,5.054375
perfetto-cache-r2-scroll,77,188,0,114,1.335875
perfetto-cache-r2-scroll,78,189 / 190 / 191 / 192,13 / 12 / 4 / 0,170 / 171 / 106 / 105,4.874209
perfetto-cache-r2-scroll,79,193,0,58,0.857166
perfetto-cache-r2-scroll,80,194 / 195 / 196 / 197,26 / 24 / 8 / 0,230 / 232 / 159 / 157,10.588125
perfetto-cache-r2-scroll,81,198 / 199 / 200 / 201,26 / 24 / 8 / 0,230 / 232 / 159 / 157,6.905875
perfetto-cache-r2-scroll,82,202 / 203 / 204 / 205,13 / 12 / 4 / 0,173 / 170 / 106 / 105,6.141793
perfetto-cache-r2-scroll,83,206 / 207 / 208 / 209,13 / 12 / 4 / 0,173 / 170 / 106 / 105,5.534208
perfetto-cache-r2-scroll,84,210 / 211 / 212 / 213,13 / 12 / 4 / 0,170 / 171 / 106 / 105,5.364625
perfetto-cache-r2-scroll,85,214,0,58,0.807375
perfetto-cache-r2-scroll,86,215 / 216 / 217 / 218,13 / 12 / 4 / 0,173 / 170 / 106 / 105,5.597959
perfetto-cache-r2-scroll,87,219 / 220 / 221 / 222,13 / 12 / 4 / 0,173 / 170 / 106 / 105,5.804376
perfetto-cache-r2-scroll,88,223 / 224 / 225 / 226,13 / 12 / 4 / 0,173 / 170 / 106 / 105,5.259375
perfetto-cache-r2-scroll,89,227 / 228 / 229 / 230,13 / 12 / 4 / 0,173 / 170 / 106 / 105,5.044875
perfetto-cache-r2-scroll,90,231 / 232 / 233 / 234,13 / 12 / 4 / 0,173 / 170 / 106 / 105,5.048834
perfetto-cache-r2-scroll,91,235 / 236 / 237 / 238,13 / 12 / 4 / 0,170 / 171 / 106 / 105,5.406251
perfetto-cache-r2-scroll,92,239,0,58,0.816542
perfetto-cache-r2-scroll,93,240 / 241 / 242 / 243,13 / 12 / 4 / 0,173 / 170 / 106 / 105,5.157
perfetto-cache-r2-scroll,94,244 / 245 / 246 / 247,13 / 12 / 4 / 0,173 / 170 / 106 / 105,5.158123
perfetto-cache-r2-scroll,95,248 / 249 / 250 / 251,13 / 12 / 4 / 0,173 / 170 / 106 / 105,5.079291
perfetto-cache-r2-scroll,96,252 / 253 / 254 / 255,13 / 12 / 4 / 0,173 / 170 / 106 / 105,5.1055
perfetto-cache-r2-scroll,97,256 / 257 / 258 / 259,13 / 12 / 4 / 0,170 / 171 / 106 / 105,5.625749
perfetto-cache-r2-scroll,98,260,0,58,0.999834
perfetto-cache-r2-scroll,99,261 / 262 / 263 / 264,13 / 12 / 4 / 0,173 / 170 / 106 / 105,5.288792
perfetto-cache-r2-scroll,100,265 / 266 / 267 / 268,13 / 12 / 4 / 0,173 / 170 / 106 / 105,5.588251
perfetto-cache-r2-scroll,101,269 / 270 / 271 / 272,13 / 12 / 4 / 0,173 / 170 / 106 / 105,5.397
perfetto-cache-r2-scroll,102,273 / 274 / 275 / 276,13 / 12 / 4 / 0,173 / 170 / 106 / 105,5.34025
perfetto-cache-r2-scroll,103,277 / 278 / 279 / 280,13 / 12 / 4 / 0,173 / 170 / 106 / 105,5.214709
perfetto-cache-r2-scroll,104,281 / 282 / 283 / 284,13 / 12 / 4 / 0,170 / 171 / 106 / 105,5.275833
perfetto-cache-r2-scroll,105,285,0,58,0.817792
perfetto-cache-r2-scroll,106,286 / 287 / 288 / 289,13 / 12 / 4 / 0,173 / 170 / 106 / 105,5.983459
perfetto-cache-r2-scroll,107,290 / 291 / 292 / 293,13 / 12 / 4 / 0,170 / 171 / 106 / 105,5.575252
perfetto-cache-r2-scroll,108,294,0,58,0.798083
perfetto-height-r1-group-back,0,0,0,38,0.323417
perfetto-height-r1-group-open,0,0 / 1 / 2,3 / 1 / 0,211 / 113 / 107,4.963291
perfetto-height-r1-group-open,1,3,0,66,1.440333
perfetto-height-r1-group-open,2,4 / 5 / 6 / 7 / 8,167 / 101 / 6 / 2 / 0,2611 / 3070 / 3012 / 800 / 278,114.786499
perfetto-height-r1-group-open,3,9,0,690,10.59975
perfetto-height-r1-reader-back,0,0,0,112,1.699792
perfetto-height-r1-reader-back,1,1 / 2 / 3,5 / 3 / 0,3994 / 1236 / 744,78.426916
perfetto-height-r1-reader-back,2,4,0,189,7.600167
perfetto-height-r1-reader-open,0,0,0,54,0.451875
perfetto-height-r1-reader-open,1,1,0,2794,34.831416
perfetto-height-r1-reader-open,2,2,0,655,4.688959
perfetto-height-r1-reader-open,3,3,0,115,1.226041
perfetto-height-r1-reader-open,4,4,0,167,3.900958
perfetto-height-r1-reader-open,5,5,0,140,1.229292
perfetto-height-r1-scroll,0,0 / 1 / 2,5 / 3 / 0,762 / 1236 / 744,60.347624
perfetto-height-r1-scroll,1,3 / 4 / 5,5 / 3 / 0,803 / 1277 / 766,64.158167
perfetto-height-r1-scroll,2,6 / 7 / 8,10 / 6 / 0,910 / 1418 / 886,80.455125
perfetto-height-r1-scroll,3,9 / 10 / 11,5 / 3 / 0,890 / 1400 / 832,69.608583
perfetto-height-r1-scroll,4,12 / 13 / 14,15 / 9 / 0,1065 / 1641 / 1050,91.093125
perfetto-height-r1-scroll,5,15,0,66,3.13275
perfetto-height-r1-scroll,6,16 / 17 / 18,15 / 9 / 0,1168 / 1764 / 1116,101.790709
perfetto-height-r1-scroll,7,19,0,987,31.860833
perfetto-height-r1-scroll,8,20 / 21 / 22,10 / 6 / 0,1757 / 1787 / 1084,101.961
perfetto-height-r1-scroll,9,23 / 24 / 25,15 / 9 / 0,1267 / 1969 / 1226,86.758209
perfetto-height-r1-scroll,10,26 / 27 / 28,10 / 6 / 0,1270 / 1992 / 1194,107.879625
perfetto-height-r1-scroll,11,29,0,299,9.18275
perfetto-height-r1-scroll,12,30 / 31 / 32,15 / 9 / 0,1344 / 2174 / 1336,115.973334
perfetto-height-r1-scroll,13,33,0,66,10.775583
perfetto-height-r1-scroll,14,34 / 35 / 36,15 / 9 / 0,1467 / 2297 / 1402,93.009458
perfetto-height-r1-scroll,15,37 / 38 / 39,20 / 12 / 0,1563 / 2413 / 1508,80.426417
perfetto-height-r1-scroll,16,40,0,1335,38.193959
perfetto-height-r1-scroll,17,41 / 42 / 43,25 / 15 / 0,2437 / 2513 / 1606,155.236416
perfetto-height-r1-scroll,18,44,0,381,19.48025
perfetto-height-r1-scroll,19,45 / 46 / 47,10 / 6 / 0,1385 / 2295 / 1356,128.146374
perfetto-height-r1-scroll,20,48,0,1299,23.671542
perfetto-height-r1-scroll,21,49 / 50 / 51,20 / 12 / 0,2353 / 2413 / 1508,145.709125
perfetto-height-r1-scroll,22,52,0,66,3.2085
perfetto-height-r1-scroll,23,53 / 54 / 55,10 / 6 / 0,1457 / 2295 / 1356,86.508334
perfetto-height-r1-scroll,24,56 / 57 / 58,25 / 15 / 0,1629 / 2513 / 1606,88.368583
perfetto-height-r1-scroll,25,59,0,1376,23.988542
perfetto-height-r1-scroll,26,60 / 61 / 62,15 / 9 / 0,2310 / 2354 / 1432,130.684501
perfetto-height-r1-scroll,27,63 / 64 / 65,10 / 6 / 0,1439 / 2295 / 1356,105.586459
perfetto-height-r1-scroll,28,66 / 67 / 68,20 / 12 / 0,1566 / 2454 / 1530,145.391625
perfetto-height-r2-group-back,0,0,0,38,0.72325
perfetto-height-r2-group-open,0,0 / 1 / 2,3 / 1 / 0,211 / 113 / 107,7.010708
perfetto-height-r2-group-open,1,3,0,66,0.797125
perfetto-height-r2-group-open,2,4 / 5 / 6 / 7 / 8,167 / 101 / 6 / 2 / 0,2611 / 3070 / 3012 / 800 / 278,216.8215
perfetto-height-r2-group-open,3,9,0,690,14.066583
perfetto-height-r2-reader-back,0,0,0,112,1.569334
perfetto-height-r2-reader-back,1,1 / 2 / 3,5 / 3 / 0,3994 / 1236 / 744,164.096291
perfetto-height-r2-reader-back,2,4,0,189,6.896292
perfetto-height-r2-reader-open,0,0,0,54,1.602125
perfetto-height-r2-reader-open,1,1,0,2799,79.915542
perfetto-height-r2-reader-open,2,2,0,655,11.309583
perfetto-height-r2-reader-open,3,3,0,115,1.008375
perfetto-height-r2-reader-open,4,4,0,167,2.993
perfetto-height-r2-reader-open,5,5,0,140,2.704625
perfetto-height-r2-scroll,0,0 / 1 / 2,5 / 3 / 0,762 / 1236 / 744,75.280083
perfetto-height-r2-scroll,1,3 / 4 / 5,5 / 3 / 0,803 / 1277 / 766,64.782583
perfetto-height-r2-scroll,2,6 / 7 / 8,20 / 12 / 0,1078 / 1618 / 1082,73.196875
perfetto-height-r2-scroll,3,9,0,66,3.527542
perfetto-height-r2-scroll,4,10 / 11 / 12,20 / 12 / 0,1224 / 1782 / 1170,106.689833
perfetto-height-r2-scroll,5,13,0,982,29.050792
perfetto-height-r2-scroll,6,14 / 15 / 16,20 / 12 / 0,1884 / 1946 / 1258,117.732293
perfetto-height-r2-scroll,7,17 / 18 / 19,5 / 3 / 0,1158 / 1810 / 1052,90.65225
perfetto-height-r2-scroll,8,20 / 21 / 22,5 / 3 / 0,1127 / 1851 / 1074,79.539417
perfetto-height-r2-scroll,9,23,0,66,1.251584
perfetto-height-r2-scroll,10,24 / 25 / 26,10 / 6 / 0,1232 / 1992 / 1194,90.00546
perfetto-height-r2-scroll,11,27,0,299,6.961625
perfetto-height-r2-scroll,12,28 / 29 / 30,10 / 6 / 0,1260 / 2074 / 1238,116.229833
perfetto-height-r2-scroll,13,31 / 32 / 33,15 / 9 / 0,1428 / 2256 / 1380,127.303543
perfetto-height-r2-scroll,14,34 / 35 / 36,5 / 3 / 0,1347 / 2179 / 1250,101.343333
perfetto-height-r2-scroll,15,37,0,66,1.548458
perfetto-height-r2-scroll,16,38 / 39 / 40,15 / 9 / 0,1464 / 2354 / 1432,101.79325
perfetto-height-r2-scroll,17,41,0,66,1.51
perfetto-height-r2-scroll,18,42 / 43 / 44,10 / 6 / 0,1439 / 2295 / 1356,113.598459
perfetto-height-r2-scroll,19,45 / 46 / 47,15 / 9 / 0,1484 / 2354 / 1432,111.058625
perfetto-height-r2-scroll,20,48 / 49 / 50,10 / 6 / 0,1441 / 2295 / 1356,117.440876
perfetto-height-r2-scroll,21,51,0,327,11.27875
perfetto-height-r2-scroll,22,52 / 53 / 54,15 / 9 / 0,1446 / 2354 / 1432,102.151625
perfetto-height-r2-scroll,23,55,0,66,1.58825
perfetto-height-r2-scroll,24,56 / 57 / 58,10 / 6 / 0,1439 / 2295 / 1356,112.472834
perfetto-height-r2-scroll,25,59 / 60 / 61,20 / 12 / 0,1545 / 2413 / 1508,121.784082
perfetto-height-r2-scroll,26,62 / 63 / 64,10 / 6 / 0,1482 / 2336 / 1378,127.448792
perfetto-height-r2-scroll,27,65 / 66 / 67,15 / 9 / 0,1482 / 2354 / 1432,105.894124
perfetto-height-r2-scroll,28,68 / 69 / 70,5 / 3 / 0,1378 / 2236 / 1280,105.333167
perfetto-height-r2-scroll,29,71 / 72 / 73,5 / 3 / 0,1363 / 2277 / 1302,113.740875
perfetto-height-r2-scroll,30,74 / 75 / 76,20 / 12 / 0,1525 / 2413 / 1508,117.468916
perfetto-r1-group-back,0,0,0,38,0.352875
perfetto-r1-group-open,0,0 / 1 / 2,4 / 2 / 0,211 / 113 / 107,5.700625
perfetto-r1-group-open,1,3,0,66,2.368042
perfetto-r1-group-open,2,4 / 5 / 6 / 7 / 8 / 9,413 / 366 / 131 / 5 / 1 / 0,2611 / 3099 / 3016 / 3008 / 804 / 258,241.020459
perfetto-r1-group-open,3,10,0,690,23.01
perfetto-r1-reader-back,0,0,0,112,2.486083
perfetto-r1-reader-back,1,1 / 2 / 3 / 4,13 / 12 / 4 / 0,3994 / 1237 / 744 / 284,114.832457
perfetto-r1-reader-back,2,5,0,189,5.487125
perfetto-r1-reader-open,0,0,0,54,0.403542
perfetto-r1-reader-open,1,1,0,2794,67.729125
perfetto-r1-reader-open,2,2,0,655,4.558375
perfetto-r1-reader-open,3,3,0,115,0.912708
perfetto-r1-reader-open,4,4,0,167,2.700708
perfetto-r1-reader-open,5,5,0,140,9.461917
perfetto-r1-scroll,0,0 / 1 / 2 / 3,13 / 12 / 4 / 0,762 / 1237 / 744 / 284,74.592125
perfetto-r1-scroll,1,4 / 5 / 6 / 7,13 / 12 / 4 / 0,803 / 1278 / 766 / 288,70.092292
perfetto-r1-scroll,2,8 / 9 / 10 / 11,39 / 36 / 12 / 0,994 / 1521 / 984 / 488,95.843458
perfetto-r1-scroll,3,12 / 13 / 14 / 15,13 / 12 / 4 / 0,933 / 1442 / 854 / 304,88.907792
perfetto-r1-scroll,4,16 / 17 / 18 / 19,52 / 48 / 16 / 0,1172 / 1786 / 1170 / 602,97.014333
perfetto-r1-scroll,5,20,0,982,26.170666
perfetto-r1-scroll,6,21 / 22 / 23 / 24,52 / 48 / 16 / 0,1884 / 1950 / 1258 / 618,132.882292
perfetto-r1-scroll,7,25,0,319,13.042125
perfetto-r1-scroll,8,26 / 27 / 28 / 29,39 / 36 / 12 / 0,1252 / 2013 / 1248 / 536,118.868001
perfetto-r1-scroll,9,30,0,1125,29.53125
perfetto-r1-scroll,10,31 / 32 / 33 / 34,52 / 48 / 16 / 0,2171 / 2237 / 1412 / 646,135.696292
perfetto-r1-scroll,11,35,0,66,3.632542
perfetto-r1-scroll,12,36 / 37 / 38 / 39,39 / 36 / 12 / 0,1485 / 2300 / 1402 / 564,82.298042
perfetto-r1-scroll,13,40,0,66,3.139917
perfetto-r1-scroll,14,41 / 42 / 43 / 44,26 / 24 / 8 / 0,1439 / 2297 / 1356 / 474,126.922875
perfetto-r1-scroll,15,45,0,66,1.698208
perfetto-r1-scroll,16,46 / 47 / 48 / 49,26 / 24 / 8 / 0,1421 / 2297 / 1356 / 474,138.513959
perfetto-r1-scroll,17,50 / 51 / 52 / 53,65 / 60 / 20 / 0,1629 / 2518 / 1606 / 760,129.307459
perfetto-r1-scroll,18,54 / 55 / 56 / 57,13 / 12 / 4 / 0,1416 / 2237 / 1280 / 380,107.270083
perfetto-r1-scroll,19,58,0,66,1.874917
perfetto-r1-scroll,20,59 / 60 / 61 / 62,52 / 48 / 16 / 0,1548 / 2458 / 1530 / 666,137.382501
perfetto-r1-scroll,21,63,0,66,1.767542
perfetto-r1-scroll,22,64 / 65 / 66 / 67,39 / 36 / 12 / 0,1518 / 2357 / 1432 / 568,136.853541
perfetto-r1-scroll,23,68,0,1317,35.828125
perfetto-r1-scroll,24,69 / 70 / 71 / 72,52 / 48 / 16 / 0,2353 / 2417 / 1508 / 662,146.896291
perfetto-r1-scroll,25,73,0,1335,31.509458
perfetto-r1-scroll,26,74 / 75 / 76 / 77,52 / 48 / 16 / 0,2353 / 2417 / 1508 / 662,136.436167
perfetto-r2-group-back,0,0,0,38,0.81225
perfetto-r2-group-open,0,0 / 1 / 2,4 / 2 / 0,211 / 113 / 107,6.89375
perfetto-r2-group-open,1,3,0,66,0.759333
perfetto-r2-group-open,2,4 / 5 / 6 / 7 / 8 / 9,413 / 366 / 135 / 5 / 1 / 0,2611 / 3099 / 3016 / 3008 / 804 / 258,282.234833
perfetto-r2-group-open,3,10,0,690,17.414125
perfetto-r2-reader-back,0,0,0,112,2.299792
perfetto-r2-reader-back,1,1 / 2 / 3 / 4,13 / 12 / 4 / 0,3994 / 1237 / 744 / 284,151.827834
perfetto-r2-reader-back,2,5,0,189,11.655458
perfetto-r2-reader-open,0,0,0,54,0.519958
perfetto-r2-reader-open,1,1,0,2799,68.571375
perfetto-r2-reader-open,2,2,0,655,8.002958
perfetto-r2-reader-open,3,3,0,115,3.012334
perfetto-r2-reader-open,4,4,0,167,3.284667
perfetto-r2-reader-open,5,5,0,140,3.149166
perfetto-r2-scroll,0,0 / 1 / 2 / 3,13 / 12 / 4 / 0,762 / 1237 / 744 / 284,79.377041
perfetto-r2-scroll,1,4 / 5 / 6 / 7,26 / 24 / 8 / 0,887 / 1379 / 864 / 386,77.489625
perfetto-r2-scroll,2,8 / 9 / 10 / 11,39 / 36 / 12 / 0,1035 / 1562 / 1006 / 492,92.691126
perfetto-r2-scroll,3,12 / 13 / 14 / 15,13 / 12 / 4 / 0,956 / 1483 / 876 / 308,72.664959
perfetto-r2-scroll,4,16 / 17 / 18 / 19,39 / 36 / 12 / 0,1111 / 1726 / 1094 / 508,115.574042
perfetto-r2-scroll,5,20 / 21 / 22 / 23,13 / 12 / 4 / 0,1048 / 1647 / 964 / 324,103.39975
perfetto-r2-scroll,6,24 / 25 / 26 / 27,13 / 12 / 4 / 0,1035 / 1688 / 986 / 328,100.947084
perfetto-r2-scroll,7,28 / 29 / 30 / 31,65 / 60 / 20 / 0,1394 / 2133 / 1400 / 724,133.02625
perfetto-r2-scroll,8,32,0,66,2.17125
perfetto-r2-scroll,9,33 / 34 / 35 / 36,65 / 60 / 20 / 0,1579 / 2338 / 1510 / 744,161.038334
perfetto-r2-scroll,10,37,0,66,3.795792
perfetto-r2-scroll,11,38 / 39 / 40 / 41,39 / 36 / 12 / 0,1526 / 2341 / 1424 / 568,147.402208
perfetto-r2-scroll,12,42,0,1309,35.253375
perfetto-r2-scroll,13,43 / 44 / 45 / 46,52 / 48 / 16 / 0,2353 / 2417 / 1508 / 662,135.420084
perfetto-r2-scroll,14,47 / 48 / 49 / 50,13 / 12 / 4 / 0,1419 / 2278 / 1302 / 384,127.498501
perfetto-r2-scroll,15,51 / 52 / 53 / 54,26 / 24 / 8 / 0,1405 / 2297 / 1356 / 474,120.083875
perfetto-r2-scroll,16,55 / 56 / 57 / 58,13 / 12 / 4 / 0,1383 / 2278 / 1302 / 384,153.605708
perfetto-r2-scroll,17,59,0,1304,38.886333
perfetto-r2-scroll,18,60 / 61 / 62 / 63,117 / 108 / 36 / 0,2568 / 2717 / 1888 / 1132,177.231419
perfetto-r2-scroll,19,64,0,1425,39.071875
perfetto-r2-scroll,20,65 / 66 / 67 / 68,26 / 24 / 8 / 0,2308 / 2338 / 1378 / 478,111.301291
perfetto-r2-scroll,21,69 / 70 / 71 / 72,78 / 72 / 24 / 0,1665 / 2537 / 1660 / 850,109.359751
perfetto-r2-scroll,22,73 / 74 / 75 / 76,26 / 24 / 8 / 0,1493 / 2297 / 1356 / 474,93.97575
