capture,pass,blocking,dirty_nodes,host_requests,retained_nodes,snapshot_nodes,sync_children,taffy_hit,taffy_miss,miss_nodes,hit_nodes,cow_ms,snapshot_ms,taffy_root_ms,invalidate_measurement,measure_calls,measure_outstanding,style_changes,measure_cache_hit
perfetto-cache-r1-group-back,0,0,5,0,295,295,169,28,33,6,7,0.001834,0.851542,0.6545,,,,,
perfetto-cache-r1-group-open,0,1,32,4,322,322,74,182,175,33,30,0.002792,0.8795,3.199875,1,7,3,27,
perfetto-cache-r1-group-open,1,1,12,2,322,322,,142,71,18,20,0.000708,1.435958,2.190958,1,7,1,,4
perfetto-cache-r1-group-open,2,0,12,0,322,322,,142,66,13,18,0.000459,1.905167,1.761917,1,7,,,7
perfetto-cache-r1-group-open,3,0,10,0,322,322,1,59,49,11,10,0.002875,1.575,1.77575,,,,1,
perfetto-cache-r1-group-open,4,1,220,413,520,520,397,2981,1800,225,225,0.00225,2.482333,49.777708,32,414,1,179,
perfetto-cache-r1-group-open,5,1,131,366,520,520,,3450,1938,194,225,0.000708,1.292041,40.8865,32,675,1,,308
perfetto-cache-r1-group-open,6,1,131,135,520,520,,3386,1654,165,196,0.0015,1.765666,46.421583,32,594,1,,458
perfetto-cache-r1-group-open,7,1,131,5,520,520,,3417,1615,132,194,0.001,2.435417,35.819,32,588,1,,582
perfetto-cache-r1-group-open,8,1,15,1,520,520,,575,107,16,49,0.000375,0.974375,1.877917,3,37,,,36
perfetto-cache-r1-group-open,9,0,12,0,520,520,,544,70,13,47,0.000375,2.421667,3.741583,1,11,,,11
perfetto-cache-r1-group-open,10,0,12,0,492,492,14,647,89,42,94,0.002333,1.170708,4.459292,,,,2,
perfetto-cache-r1-reader-back,0,0,27,0,492,492,24,158,96,31,52,0.003458,2.2915,5.820167,,16,,2,16
perfetto-cache-r1-reader-back,1,1,32,13,499,499,17,989,205,66,122,0.00175,3.616,5.497875,1,14,,10,1
perfetto-cache-r1-reader-back,2,1,14,12,499,499,,766,146,47,102,0.000583,1.006791,2.700375,1,22,,,10
perfetto-cache-r1-reader-back,3,1,14,4,499,499,,578,106,16,47,0.002209,1.398167,5.731167,1,19,,,15
perfetto-cache-r1-reader-back,4,0,14,0,499,499,,579,105,15,47,0.000541,3.022791,4.409041,1,19,,,19
perfetto-cache-r1-reader-back,5,0,11,0,492,492,4,462,58,12,41,0.003958,2.449542,2.520375,,,,1,
perfetto-cache-r1-reader-open,0,0,13,0,499,499,20,30,49,14,9,0.004208,3.962291,1.916542,,,,8,
perfetto-cache-r1-reader-open,1,0,33,0,499,499,2,268,79,20,25,0.002916,1.03175,1.049583,,1,,2,1
perfetto-cache-r1-reader-open,2,0,93,0,563,563,139,618,648,77,74,0.001875,1.822291,7.789792,,,,68,
perfetto-cache-r1-reader-open,3,0,29,0,509,509,38,105,69,13,14,0.00375,2.863458,1.172209,,,,2,
perfetto-cache-r1-reader-open,4,0,38,0,509,509,26,134,160,22,21,0.002958,2.089833,3.240708,,,,11,
perfetto-cache-r1-reader-open,5,0,31,0,512,512,7,134,94,15,18,0.004,3.715166,3.862916,,,,4,
perfetto-cache-r1-scroll,0,1,18,13,499,499,14,746,145,48,102,0.003792,2.377042,7.660042,1,13,,7,
perfetto-cache-r1-scroll,1,1,14,12,499,499,,766,146,47,102,0.000875,2.661,4.760916,1,22,,,10
perfetto-cache-r1-scroll,2,1,14,4,499,499,,578,106,16,47,0.000542,2.510917,4.333166,1,19,,,15
perfetto-cache-r1-scroll,3,0,14,0,499,499,,579,105,15,47,0.000458,2.017083,5.337333,1,19,,,19
perfetto-cache-r1-scroll,4,1,32,39,520,520,40,961,262,63,119,0.002708,1.121166,5.207875,3,39,,19,
perfetto-cache-r1-scroll,5,1,22,36,520,520,,1013,273,60,119,0.000708,2.669125,14.245833,3,66,,,30
perfetto-cache-r1-scroll,6,1,22,12,520,520,,814,212,26,60,0.000917,2.25875,6.150583,3,57,,,45
perfetto-cache-r1-scroll,7,0,22,0,520,520,,817,209,23,60,0.0015,2.613084,7.767917,3,57,,,57
perfetto-cache-r1-scroll,8,1,32,39,541,541,40,1024,265,66,128,0.003166,2.094917,9.252291,3,39,,19,
perfetto-cache-r1-scroll,9,1,22,36,541,541,,1076,276,63,128,0.000834,1.357959,4.979,3,66,,,30
perfetto-cache-r1-scroll,10,1,22,12,541,541,,856,212,26,63,0.001084,1.212792,3.484375,3,57,,,45
perfetto-cache-r1-scroll,11,0,22,0,541,541,,859,209,23,63,0.00075,1.069583,5.463625,3,57,,,57
perfetto-cache-r1-scroll,12,0,10,0,541,541,1,59,49,11,10,0.001208,1.0825,0.446833,,,,1,
perfetto-cache-r1-scroll,13,1,32,39,562,562,40,1087,268,69,137,0.000917,1.117875,6.549542,3,39,,19,
perfetto-cache-r1-scroll,14,1,22,36,562,562,,1139,279,66,137,0.000458,1.342292,5.481709,3,66,,,30
perfetto-cache-r1-scroll,15,1,22,12,562,562,,898,212,26,66,0.000208,1.236834,4.5175,3,57,,,45
perfetto-cache-r1-scroll,16,0,22,0,562,562,,901,209,23,66,0.000625,1.698375,5.393417,3,57,,,57
perfetto-cache-r1-scroll,17,0,12,0,562,562,2,857,99,52,124,0.002291,1.1965,3.1015,,,,2,
perfetto-cache-r1-scroll,18,1,18,13,569,569,14,956,155,58,132,0.002792,2.308209,7.836,1,13,,7,
perfetto-cache-r1-scroll,19,1,14,12,569,569,,976,156,57,132,0.000333,2.854,7.245792,1,22,,,10
perfetto-cache-r1-scroll,20,1,14,4,569,569,,718,106,16,57,0.000666,2.9295,2.94075,1,19,,,15
perfetto-cache-r1-scroll,21,0,14,0,569,569,,719,105,15,57,0.000333,1.071416,4.324708,1,19,,,19
perfetto-cache-r1-scroll,22,0,10,0,569,569,1,59,49,11,10,0.003417,2.063417,1.611875,,,,1,
perfetto-cache-r1-scroll,23,1,25,26,583,583,27,1074,214,66,142,0.0035,2.225,5.154417,2,26,,13,
perfetto-cache-r1-scroll,24,1,18,24,583,583,,1110,220,64,142,0.000541,2.821167,11.325958,2,44,,,20
perfetto-cache-r1-scroll,25,1,18,8,583,583,,843,159,21,64,0.002375,1.749,6.983667,2,38,,,30
perfetto-cache-r1-scroll,26,0,18,0,583,583,,845,157,19,64,0.00075,3.687416,6.8025,2,38,,,38
perfetto-cache-r1-scroll,27,1,26,26,597,597,28,1114,218,69,147,0.004042,1.322542,5.699875,2,26,,14,
perfetto-cache-r1-scroll,28,1,18,24,597,597,,1152,222,66,148,0.000833,1.729167,6.43525,2,44,,,20
perfetto-cache-r1-scroll,29,1,18,8,597,597,,871,159,21,66,0.00075,1.529209,3.613417,2,38,,,30
perfetto-cache-r1-scroll,30,0,18,0,597,597,,873,157,19,66,0.000417,1.257333,6.394167,2,38,,,38
perfetto-cache-r1-scroll,31,1,19,13,604,604,15,1059,162,64,146,0.004333,3.49875,9.347666,1,13,,8,
perfetto-cache-r1-scroll,32,1,14,12,604,604,,1081,161,62,147,0.001,3.102375,8.25025,1,22,,,10
perfetto-cache-r1-scroll,33,1,14,4,604,604,,788,106,16,62,0.000792,2.949084,6.9585,1,19,,,15
perfetto-cache-r1-scroll,34,0,14,0,604,604,,789,105,15,62,0.000667,1.217459,5.020791,1,19,,,19
perfetto-cache-r1-scroll,35,1,33,39,625,625,41,1274,279,79,163,0.003208,3.810583,14.579583,3,39,,20,
perfetto-cache-r1-scroll,36,1,22,36,625,625,,1328,288,75,164,0.000917,1.644125,10.4025,3,66,,,30
perfetto-cache-r1-scroll,37,1,22,12,625,625,,1024,212,26,75,0.000875,1.785334,7.007583,3,57,,,45
perfetto-cache-r1-scroll,38,0,22,0,625,625,,1027,209,23,75,0.000416,1.837333,6.772625,3,57,,,57
perfetto-cache-r1-scroll,39,0,10,0,625,625,1,59,49,11,10,0.002667,2.426125,0.931833,,,,1,
perfetto-cache-r1-scroll,40,1,32,39,646,646,40,1339,280,81,173,0.000959,1.370292,7.6305,3,39,,19,
perfetto-cache-r1-scroll,41,1,22,36,646,646,,1391,291,78,173,0.000833,1.6145,10.023708,3,66,,,30
perfetto-cache-r1-scroll,42,1,22,12,646,646,,1066,212,26,78,0.000209,3.556833,9.538542,3,57,,,45
perfetto-cache-r1-scroll,43,0,22,0,646,646,,1069,209,23,78,0.000542,3.415459,4.670417,3,57,,,57
perfetto-cache-r1-scroll,44,0,10,0,646,646,1,59,49,11,10,0.002792,1.2755,0.472917,,,,1,
perfetto-cache-r1-scroll,45,1,25,26,660,660,27,1305,225,77,175,0.003125,3.188875,11.273666,2,26,,13,
perfetto-cache-r1-scroll,46,1,18,24,660,660,,1341,231,75,175,0.001375,5.032875,10.31975,2,44,,,20
perfetto-cache-r1-scroll,47,1,18,8,660,660,,997,159,21,75,0.001375,1.5165,7.278333,2,38,,,30
perfetto-cache-r1-scroll,48,0,18,0,660,660,,999,157,19,75,0.000375,3.738083,8.009625,2,38,,,38
perfetto-cache-r1-scroll,49,1,27,26,669,669,30,1320,232,79,177,0.003416,3.542542,13.092333,2,26,,15,
perfetto-cache-r1-scroll,50,1,18,24,669,669,,1362,232,76,178,0.000875,5.131041,12.283583,2,44,,,20
perfetto-cache-r1-scroll,51,1,18,8,669,669,,1011,159,21,76,0.0015,1.957291,4.689833,2,38,,,30
perfetto-cache-r1-scroll,52,0,18,0,669,669,,1013,157,19,76,0.000333,1.65625,3.25575,2,38,,,38
perfetto-cache-r1-scroll,53,1,27,26,676,676,32,1341,233,80,180,0.0025,2.065459,12.673625,2,26,,15,
perfetto-cache-r1-scroll,54,1,18,24,676,676,,1383,233,77,181,0.001,2.924,10.994208,2,44,,,20
perfetto-cache-r1-scroll,55,1,18,8,676,676,,1025,159,21,77,0.000708,1.434542,5.860792,2,38,,,30
perfetto-cache-r1-scroll,56,0,18,0,676,676,,1027,157,19,77,0.000834,4.17175,5.327208,2,38,,,38
perfetto-cache-r1-scroll,57,0,10,0,676,676,1,59,49,11,10,0.00375,2.40075,1.094041,,,,1,
perfetto-cache-r1-scroll,58,1,26,26,669,669,37,1322,230,78,178,0.001542,2.728208,4.683125,2,26,,14,
perfetto-cache-r1-scroll,59,1,18,24,669,669,,1362,232,76,178,0.000708,1.506333,6.400709,2,44,,,20
perfetto-cache-r1-scroll,60,1,18,8,669,669,,1011,159,21,76,0.000625,1.677917,5.258334,2,38,,,30
perfetto-cache-r1-scroll,61,0,18,0,669,669,,1013,157,19,76,0.000834,1.951958,3.856959,2,38,,,38
perfetto-cache-r1-scroll,62,0,12,0,669,669,2,810,60,13,65,0.001542,1.552375,2.139625,,,,2,
perfetto-cache-r1-scroll,63,1,19,13,669,669,18,1246,173,72,174,0.001208,2.587,7.132709,1,13,,8,
perfetto-cache-r1-scroll,64,1,14,12,669,669,,1270,170,71,174,0.000416,3.405,8.065625,1,22,,,10
perfetto-cache-r1-scroll,65,1,14,4,669,669,,914,106,16,71,0.000583,2.130917,7.400791,1,19,,,15
perfetto-cache-r1-scroll,66,0,14,0,669,669,,915,105,15,71,0.000917,1.564666,2.924292,1,19,,,19
perfetto-cache-r1-scroll,67,1,27,26,669,669,35,1320,232,79,177,0.001334,3.17,9.611292,2,26,,15,
perfetto-cache-r1-scroll,68,1,18,24,669,669,,1362,232,76,178,0.000459,3.151041,9.110042,2,44,,,20
perfetto-cache-r1-scroll,69,1,18,8,669,669,,1011,159,21,76,0.000292,2.37325,6.025083,2,38,,,30
perfetto-cache-r1-scroll,70,0,18,0,669,669,,1013,157,19,76,0.00025,1.827125,3.283542,2,38,,,38
perfetto-cache-r1-scroll,71,1,20,13,669,669,20,1244,175,73,173,0.002375,3.69425,8.337875,1,13,,10,
perfetto-cache-r1-scroll,72,1,14,12,669,669,,1270,170,71,174,0.000625,2.847416,10.056333,1,22,,,10
perfetto-cache-r1-scroll,73,1,14,4,669,669,,914,106,16,71,0.000417,4.01475,3.862583,1,19,,,15
perfetto-cache-r1-scroll,74,0,14,0,669,669,,915,105,15,71,0.000458,3.264333,3.075125,1,19,,,19
perfetto-cache-r1-scroll,75,1,34,39,669,669,51,1396,289,85,181,0.003542,4.121625,16.724541,3,39,,21,
perfetto-cache-r1-scroll,76,1,22,36,669,669,,1454,294,81,182,0.00125,2.325042,12.621959,3,66,,,30
perfetto-cache-r1-scroll,77,1,22,12,669,669,,1108,212,26,81,0.001416,2.505875,8.746042,3,57,,,45
perfetto-cache-r1-scroll,78,0,22,0,669,669,,1111,209,23,81,0.000416,2.374208,5.390959,3,57,,,57
perfetto-cache-r1-scroll,79,0,10,0,669,669,1,59,49,11,10,0.006166,3.044125,1.184833,,,,1,
perfetto-cache-r1-scroll,80,1,40,52,676,676,63,1495,345,91,189,0.002167,3.532541,14.846209,4,52,,26,
perfetto-cache-r1-scroll,81,1,26,48,676,676,,1567,357,87,189,0.000917,2.885042,12.278708,4,88,,,40
perfetto-cache-r1-scroll,82,1,26,16,676,676,,1219,265,31,87,0.00075,2.991417,10.163167,4,76,,,60
perfetto-cache-r1-scroll,83,0,26,0,676,676,,1223,261,27,87,0.00075,1.973417,8.099208,4,76,,,76
perfetto-cache-r1-scroll,84,0,13,0,669,669,6,1168,118,67,169,0.003417,2.46175,7.876041,,,,3,
perfetto-cache-r1-scroll,85,1,26,26,669,669,34,1322,230,78,178,0.006084,3.4925,12.516084,2,26,,14,
perfetto-cache-r1-scroll,86,1,18,24,669,669,,1362,232,76,178,0.000792,3.154167,7.227083,2,44,,,20
perfetto-cache-r1-scroll,87,1,18,8,669,669,,1011,159,21,76,0.000875,2.221667,6.199625,2,38,,,30
perfetto-cache-r1-scroll,88,0,18,0,669,669,,1013,157,19,76,0.000167,1.841625,3.439,2,38,,,38
perfetto-cache-r1-scroll,89,1,41,52,676,676,65,1493,347,92,188,0.001625,2.154334,6.759625,4,52,,28,
perfetto-cache-r1-scroll,90,1,26,48,676,676,,1567,357,87,189,0.00075,3.252042,8.570167,4,88,,,40
perfetto-cache-r1-scroll,91,1,26,16,676,676,,1219,265,31,87,0.001125,1.64075,8.642917,4,76,,,60
perfetto-cache-r1-scroll,92,0,26,0,676,676,,1223,261,27,87,0.001416,1.701458,10.116,4,76,,,76
perfetto-cache-r1-scroll,93,1,26,26,669,669,37,1322,230,78,178,0.004208,2.636167,13.456459,2,26,,14,
perfetto-cache-r1-scroll,94,1,18,24,669,669,,1362,232,76,178,0.001125,4.28875,12.806,2,44,,,20
perfetto-cache-r1-scroll,95,1,18,8,669,669,,1011,159,21,76,0.001084,1.859709,6.086291,2,38,,,30
perfetto-cache-r1-scroll,96,0,18,0,669,669,,1013,157,19,76,0.001167,2.887666,8.577791,2,38,,,38
perfetto-cache-r1-scroll,97,1,33,39,669,669,50,1398,287,84,182,0.001875,2.285458,13.578375,3,39,,20,
perfetto-cache-r1-scroll,98,1,22,36,669,669,,1454,294,81,182,0.001042,3.609292,19.107167,3,66,,,30
perfetto-cache-r1-scroll,99,1,22,12,669,669,,1108,212,26,81,0.000375,3.961791,6.3345,3,57,,,45
perfetto-cache-r1-scroll,100,0,22,0,669,669,,1111,209,23,81,0.000542,3.972958,9.063,3,57,,,57
perfetto-cache-r1-scroll,101,1,40,52,669,669,66,1474,344,90,186,0.002458,2.089375,13.054375,4,52,,26,
perfetto-cache-r1-scroll,102,1,26,48,669,669,,1546,356,86,186,0.000958,3.142084,17.131708,4,88,,,40
perfetto-cache-r1-scroll,103,1,26,16,669,669,,1205,265,31,86,0.001083,3.477334,10.9515,4,76,,,60
perfetto-cache-r1-scroll,104,0,26,0,669,669,,1209,261,27,86,0.000792,3.959541,9.934458,4,76,,,76
perfetto-cache-r2-group-back,0,0,5,0,295,295,169,28,33,6,7,0.000333,0.239083,0.128542,,,,,
perfetto-cache-r2-group-open,0,1,32,4,322,322,74,182,175,33,30,0.00175,0.612709,1.647125,1,7,3,27,
perfetto-cache-r2-group-open,1,1,12,2,322,322,,142,71,18,20,0.000458,0.688292,1.726541,1,7,1,,4
perfetto-cache-r2-group-open,2,0,12,0,322,322,,142,66,13,18,0.000417,0.578709,0.72125,1,7,,,7
perfetto-cache-r2-group-open,3,0,10,0,322,322,1,59,49,11,10,0.00225,0.560667,0.453167,,,,1,
perfetto-cache-r2-group-open,4,1,220,413,520,520,397,2981,1800,225,225,0.003167,1.679166,40.328,32,414,1,179,
perfetto-cache-r2-group-open,5,1,131,366,520,520,,3450,1938,194,225,0.001083,1.7255,53.392125,32,675,1,,308
perfetto-cache-r2-group-open,6,1,131,135,520,520,,3386,1654,165,196,0.000875,2.811583,37.0525,32,594,1,,458
perfetto-cache-r2-group-open,7,1,131,5,520,520,,3417,1615,132,194,0.000709,1.637375,32.225084,32,588,1,,582
perfetto-cache-r2-group-open,8,1,15,1,520,520,,575,107,16,49,0.00125,2.265916,5.113625,3,37,,,36
perfetto-cache-r2-group-open,9,0,12,0,520,520,,544,70,13,47,0.001042,2.941084,1.857,1,11,,,11
perfetto-cache-r2-group-open,10,0,12,0,492,492,14,647,89,42,94,0.004208,1.071041,3.48625,,,,2,
perfetto-cache-r2-reader-back,0,0,27,0,492,492,24,158,96,31,52,0.001459,3.108334,3.720333,,16,,2,16
perfetto-cache-r2-reader-back,1,1,32,13,499,499,17,989,205,66,122,0.002666,2.5515,11.493583,1,14,,10,1
perfetto-cache-r2-reader-back,2,1,14,12,499,499,,766,146,47,102,0.000708,2.068667,8.554542,1,22,,,10
perfetto-cache-r2-reader-back,3,1,14,4,499,499,,578,106,16,47,0.001417,1.514625,6.798166,1,19,,,15
perfetto-cache-r2-reader-back,4,0,14,0,499,499,,579,105,15,47,0.000875,3.449834,6.690875,1,19,,,19
perfetto-cache-r2-reader-back,5,0,11,0,492,492,4,462,58,12,41,0.00225,2.408625,3.250584,,,,1,
perfetto-cache-r2-reader-open,0,0,13,0,499,499,20,30,49,14,9,0.002625,1.108375,0.568333,,,,8,
perfetto-cache-r2-reader-open,1,0,33,0,499,499,2,268,79,20,25,0.003042,4.393333,2.959125,,1,,2,1
perfetto-cache-r2-reader-open,2,0,93,0,563,563,139,618,648,77,74,0.003375,2.807417,9.555333,,,,68,
perfetto-cache-r2-reader-open,3,0,29,0,509,509,38,105,69,13,14,0.004208,1.580916,1.226542,,,,2,
perfetto-cache-r2-reader-open,4,0,38,0,509,509,26,134,160,22,21,0.004917,3.771375,1.584709,,,,11,
perfetto-cache-r2-reader-open,5,0,31,0,512,512,7,134,94,15,18,0.001542,0.942875,0.882875,,,,4,
perfetto-cache-r2-scroll,0,1,18,13,499,499,14,746,145,48,102,0.002042,2.402708,6.332916,1,13,,7,
perfetto-cache-r2-scroll,1,1,14,12,499,499,,766,146,47,102,0.00125,1.111458,7.011667,1,22,,,10
perfetto-cache-r2-scroll,2,1,14,4,499,499,,578,106,16,47,0.001916,2.4125,3.380042,1,19,,,15
perfetto-cache-r2-scroll,3,0,14,0,499,499,,579,105,15,47,0.000458,1.945375,4.644667,1,19,,,19
perfetto-cache-r2-scroll,4,1,25,26,513,513,27,864,204,56,112,0.002958,2.965041,9.753041,2,26,,13,
perfetto-cache-r2-scroll,5,1,18,24,513,513,,900,210,54,112,0.00075,2.555041,9.465208,2,44,,,20
perfetto-cache-r2-scroll,6,1,18,8,513,513,,703,159,21,54,0.001042,3.039667,8.074667,2,38,,,30
perfetto-cache-r2-scroll,7,0,18,0,513,513,,705,157,19,54,0.000792,3.319292,8.438417,2,38,,,38
perfetto-cache-r2-scroll,8,1,25,26,527,527,27,906,206,58,118,0.001959,0.683084,3.970458,2,26,,13,
perfetto-cache-r2-scroll,9,1,18,24,527,527,,942,212,56,118,8.3e-05,0.621708,1.645459,2,44,,,20
perfetto-cache-r2-scroll,10,1,18,8,527,527,,731,159,21,56,0.00025,0.644416,1.271667,2,38,,,30
perfetto-cache-r2-scroll,11,0,18,0,527,527,,733,157,19,56,8.4e-05,0.718542,1.497875,2,38,,,38
perfetto-cache-r2-scroll,12,0,10,0,527,527,1,59,49,11,10,0.00375,0.555792,0.199917,,,,1,
perfetto-cache-r2-scroll,13,1,32,39,548,548,40,1045,266,67,131,0.001333,0.696208,2.282833,3,39,,19,
perfetto-cache-r2-scroll,14,1,22,36,548,548,,1097,277,64,131,0.000167,0.483,1.992333,3,66,,,30
perfetto-cache-r2-scroll,15,1,22,12,548,548,,870,212,26,64,8.3e-05,0.431625,1.358083,3,57,,,45
perfetto-cache-r2-scroll,16,0,22,0,548,548,,873,209,23,64,0.000209,0.587417,1.443792,3,57,,,57
perfetto-cache-r2-scroll,17,0,10,0,548,548,1,59,49,11,10,0.001042,0.572958,0.226584,,,,1,
perfetto-cache-r2-scroll,18,1,18,13,555,555,14,914,153,56,126,0.001125,0.493375,1.359709,1,13,,7,
perfetto-cache-r2-scroll,19,1,14,12,555,555,,934,154,55,126,8.4e-05,0.4275,1.14175,1,22,,,10
perfetto-cache-r2-scroll,20,1,14,4,555,555,,690,106,16,55,4.2e-05,0.555042,1.5105,1,19,,,15
perfetto-cache-r2-scroll,21,0,14,0,555,555,,691,105,15,55,0.000125,0.452292,0.893709,1,19,,,19
perfetto-cache-r2-scroll,22,0,12,0,555,555,2,836,98,51,121,0.000208,0.51225,1.289041,,,,2,
perfetto-cache-r2-scroll,23,1,25,26,569,569,27,1032,212,64,136,0.000375,0.454166,1.503625,2,26,,13,
perfetto-cache-r2-scroll,24,1,18,24,569,569,,1068,218,62,136,8.4e-05,0.430291,1.659125,2,44,,,20
perfetto-cache-r2-scroll,25,1,18,8,569,569,,815,159,21,62,8.3e-05,0.621167,1.190917,2,38,,,30
perfetto-cache-r2-scroll,26,0,18,0,569,569,,817,157,19,62,4.2e-05,0.813792,1.058834,2,38,,,38
perfetto-cache-r2-scroll,27,0,10,0,569,569,1,59,49,11,10,0.001333,0.549458,0.395709,,,,1,
perfetto-cache-r2-scroll,28,1,18,13,576,576,14,977,156,59,135,0.000708,0.487209,1.274708,1,13,,7,
perfetto-cache-r2-scroll,29,1,14,12,576,576,,997,157,58,135,8.3e-05,0.408791,1.218667,1,22,,,10
perfetto-cache-r2-scroll,30,1,14,4,576,576,,732,106,16,58,4.2e-05,0.4015,0.811125,1,19,,,15
perfetto-cache-r2-scroll,31,0,14,0,576,576,,733,105,15,58,4.2e-05,0.42075,0.816875,1,19,,,19
perfetto-cache-r2-scroll,32,0,10,0,576,576,1,59,49,11,10,0.000916,0.539292,0.201041,,,,1,
perfetto-cache-r2-scroll,33,1,18,13,583,583,14,998,157,60,138,0.000667,0.462167,1.381,1,13,,7,
perfetto-cache-r2-scroll,34,1,14,12,583,583,,1018,158,59,138,8.4e-05,0.414291,1.197208,1,22,,,10
perfetto-cache-r2-scroll,35,1,14,4,583,583,,746,106,16,59,8.3e-05,0.407875,0.821709,1,19,,,15
perfetto-cache-r2-scroll,36,0,14,0,583,583,,747,105,15,59,8.3e-05,0.417,0.824834,1,19,,,19
perfetto-cache-r2-scroll,37,0,10,0,583,583,1,59,49,11,10,0.001709,0.486542,0.251,,,,1,
perfetto-cache-r2-scroll,38,1,18,13,590,590,14,1019,158,61,141,0.000958,0.474417,1.283667,1,13,,7,
perfetto-cache-r2-scroll,39,1,14,12,590,590,,1039,159,60,141,8.4e-05,0.418625,1.255458,1,22,,,10
perfetto-cache-r2-scroll,40,1,14,4,590,590,,760,106,16,60,4.2e-05,0.416333,0.829292,1,19,,,15
perfetto-cache-r2-scroll,41,0,14,0,590,590,,761,105,15,60,8.4e-05,0.416791,0.909375,1,19,,,19
perfetto-cache-r2-scroll,42,0,12,0,590,590,2,656,60,13,54,0.00075,0.49875,0.7635,,,,2,
perfetto-cache-r2-scroll,43,1,18,13,597,597,14,1040,159,62,144,0.001084,0.478125,1.295042,1,13,,7,
perfetto-cache-r2-scroll,44,1,14,12,597,597,,1060,160,61,144,8.4e-05,0.430959,1.247375,1,22,,,10
perfetto-cache-r2-scroll,45,1,14,4,597,597,,774,106,16,61,4.1e-05,0.445333,0.879709,1,19,,,15
perfetto-cache-r2-scroll,46,0,14,0,597,597,,775,105,15,61,0.000125,0.431875,0.836583,1,19,,,19
perfetto-cache-r2-scroll,47,0,10,0,597,597,1,59,49,11,10,0.001416,0.540167,0.187625,,,,1,
perfetto-cache-r2-scroll,48,1,18,13,604,604,14,1061,160,63,147,0.001083,0.631084,1.386042,1,13,,7,
perfetto-cache-r2-scroll,49,1,14,12,604,604,,1081,161,62,147,4.1e-05,0.441459,1.246042,1,22,,,10
perfetto-cache-r2-scroll,50,1,14,4,604,604,,788,106,16,62,4.2e-05,0.43625,0.891208,1,19,,,15
perfetto-cache-r2-scroll,51,0,14,0,604,604,,789,105,15,62,4.2e-05,0.471209,0.85575,1,19,,,19
perfetto-cache-r2-scroll,52,0,10,0,604,604,1,59,49,11,10,0.000875,0.592875,0.211584,,,,1,
perfetto-cache-r2-scroll,53,1,18,13,611,611,14,1082,161,64,150,0.001083,0.525875,1.322708,1,13,,7,
perfetto-cache-r2-scroll,54,1,14,12,611,611,,1102,162,63,150,8.3e-05,0.443083,1.273792,1,22,,,10
perfetto-cache-r2-scroll,55,1,14,4,611,611,,802,106,16,63,8.4e-05,0.430584,0.89075,1,19,,,15
perfetto-cache-r2-scroll,56,0,14,0,611,611,,803,105,15,63,4.1e-05,0.432875,0.855167,1,19,,,19
perfetto-cache-r2-scroll,57,0,12,0,611,611,2,1004,106,59,145,0.000708,0.46875,1.213042,,,,2,
perfetto-cache-r2-scroll,58,1,18,13,618,618,14,1103,162,65,153,0.000917,0.490833,1.460167,1,13,,7,
perfetto-cache-r2-scroll,59,1,14,12,618,618,,1123,163,64,153,8.3e-05,0.50625,1.284667,1,22,,,10
perfetto-cache-r2-scroll,60,1,14,4,618,618,,816,106,16,64,8.3e-05,0.450917,0.892666,1,19,,,15
perfetto-cache-r2-scroll,61,0,14,0,618,618,,817,105,15,64,8.4e-05,0.459167,0.869917,1,19,,,19
perfetto-cache-r2-scroll,62,0,10,0,618,618,1,59,49,11,10,0.002041,0.527291,0.193458,,,,1,
perfetto-cache-r2-scroll,63,1,18,13,625,625,14,1124,163,66,156,0.001,0.490625,1.42475,1,13,,7,
perfetto-cache-r2-scroll,64,1,14,12,625,625,,1144,164,65,156,8.3e-05,0.477959,1.305584,1,22,,,10
perfetto-cache-r2-scroll,65,1,14,4,625,625,,830,106,16,65,4.2e-05,0.448958,0.914,1,19,,,15
perfetto-cache-r2-scroll,66,0,14,0,625,625,,831,105,15,65,8.3e-05,0.499292,1.068167,1,19,,,19
perfetto-cache-r2-scroll,67,0,12,0,625,625,2,1046,108,61,151,0.000792,0.495708,1.162625,,,,2,
perfetto-cache-r2-scroll,68,1,18,13,632,632,14,1145,164,67,159,0.000666,0.496417,1.404042,1,13,,7,
perfetto-cache-r2-scroll,69,1,14,12,632,632,,1165,165,66,159,4.2e-05,0.45575,1.346875,1,22,,,10
perfetto-cache-r2-scroll,70,1,14,4,632,632,,844,106,16,66,8.3e-05,0.492333,0.905584,1,19,,,15
perfetto-cache-r2-scroll,71,0,14,0,632,632,,845,105,15,66,8.3e-05,0.474583,0.945625,1,19,,,19
perfetto-cache-r2-scroll,72,0,12,0,632,632,2,1067,109,62,154,0.000791,0.488083,1.112917,,,,2,
perfetto-cache-r2-scroll,73,1,18,13,639,639,14,1166,165,68,162,0.001292,0.668583,1.630209,1,13,,7,
perfetto-cache-r2-scroll,74,1,14,12,639,639,,1186,166,67,162,8.3e-05,0.495,1.377333,1,22,,,10
perfetto-cache-r2-scroll,75,1,14,4,639,639,,858,106,16,67,0.000125,0.488042,0.953542,1,19,,,15
perfetto-cache-r2-scroll,76,0,14,0,639,639,,859,105,15,67,8.4e-05,0.508084,1.01875,1,19,,,19
perfetto-cache-r2-scroll,77,0,10,0,639,639,1,59,49,11,10,0.000708,0.630541,0.186625,,,,1,
perfetto-cache-r2-scroll,78,1,18,13,646,646,14,1187,166,69,165,0.000833,0.519375,1.766542,1,13,,7,
perfetto-cache-r2-scroll,79,1,14,12,646,646,,1207,167,68,165,8.4e-05,0.547791,1.476542,1,22,,,10
perfetto-cache-r2-scroll,80,1,14,4,646,646,,872,106,16,68,4.1e-05,0.580208,1.035708,1,19,,,15
perfetto-cache-r2-scroll,81,0,14,0,646,646,,873,105,15,68,0.000125,0.537708,1.008584,1,19,,,19
perfetto-cache-r2-scroll,82,0,10,0,646,646,1,59,49,11,10,0.000792,0.659667,0.207,,,,1,
perfetto-cache-r2-scroll,83,1,18,13,653,653,14,1208,167,70,168,0.000583,0.666834,1.935708,1,13,,7,
perfetto-cache-r2-scroll,84,1,14,12,653,653,,1228,168,69,168,0.000125,0.515417,1.410875,1,22,,,10
perfetto-cache-r2-scroll,85,1,14,4,653,653,,886,106,16,69,8.3e-05,0.472375,0.940791,1,19,,,15
perfetto-cache-r2-scroll,86,0,14,0,653,653,,887,105,15,69,8.3e-05,0.477625,0.965,1,19,,,19
perfetto-cache-r2-scroll,87,0,10,0,653,653,1,59,49,11,10,0.000792,0.637958,0.1955,,,,1,
perfetto-cache-r2-scroll,88,1,18,13,660,660,14,1229,168,71,171,0.001,0.528042,1.492625,1,13,,7,
perfetto-cache-r2-scroll,89,1,14,12,660,660,,1249,169,70,171,8.4e-05,0.481166,1.408916,1,22,,,10
perfetto-cache-r2-scroll,90,1,14,4,660,660,,900,106,16,70,8.3e-05,0.482125,0.965709,1,19,,,15
perfetto-cache-r2-scroll,91,0,14,0,660,660,,901,105,15,70,4.1e-05,0.58325,0.921458,1,19,,,19
perfetto-cache-r2-scroll,92,0,10,0,660,660,1,59,49,11,10,0.000666,0.732875,0.2065,,,,1,
perfetto-cache-r2-scroll,93,1,18,13,667,667,14,1250,169,72,174,0.000708,0.586541,1.633334,1,13,,7,
perfetto-cache-r2-scroll,94,1,14,12,667,667,,1270,170,71,174,8.3e-05,0.483708,1.439583,1,22,,,10
perfetto-cache-r2-scroll,95,1,14,4,667,667,,914,106,16,71,8.3e-05,0.503125,0.977125,1,19,,,15
perfetto-cache-r2-scroll,96,0,14,0,667,667,,915,105,15,71,4.1e-05,0.516541,1.014833,1,19,,,19
perfetto-cache-r2-scroll,97,0,12,0,667,667,2,1172,114,67,169,0.000875,0.518333,1.320792,,,,2,
perfetto-cache-r2-scroll,98,1,19,13,669,669,16,1246,173,72,174,0.000709,0.59575,1.516875,1,13,,8,
perfetto-cache-r2-scroll,99,1,14,12,669,669,,1270,170,71,174,8.3e-05,0.516042,1.424875,1,22,,,10
perfetto-cache-r2-scroll,100,1,14,4,669,669,,914,106,16,71,8.3e-05,0.498959,0.95175,1,19,,,15
perfetto-cache-r2-scroll,101,0,14,0,669,669,,915,105,15,71,4.2e-05,0.501875,0.934584,1,19,,,19
perfetto-cache-r2-scroll,102,0,12,0,669,669,2,1172,114,67,169,0.000875,0.541792,1.375625,,,,2,
perfetto-cache-r2-scroll,103,1,19,13,669,669,18,1246,173,72,174,0.000583,0.577875,1.561375,1,13,,8,
perfetto-cache-r2-scroll,104,1,14,12,669,669,,1270,170,71,174,8.3e-05,0.497125,1.49375,1,22,,,10
perfetto-cache-r2-scroll,105,1,14,4,669,669,,914,106,16,71,8.3e-05,0.490334,0.956667,1,19,,,15
perfetto-cache-r2-scroll,106,0,14,0,669,669,,915,105,15,71,8.3e-05,0.510209,0.964416,1,19,,,19
perfetto-cache-r2-scroll,107,0,12,0,669,669,2,1172,114,67,169,0.00125,0.647791,1.230709,,,,2,
perfetto-cache-r2-scroll,108,1,18,13,676,676,14,1271,170,73,177,0.000875,0.554917,1.517166,1,13,,7,
perfetto-cache-r2-scroll,109,1,14,12,676,676,,1291,171,72,177,4.1e-05,0.543166,1.560291,1,22,,,10
perfetto-cache-r2-scroll,110,1,14,4,676,676,,928,106,16,72,4.1e-05,0.51525,0.967833,1,19,,,15
perfetto-cache-r2-scroll,111,0,14,0,676,676,,929,105,15,72,4.2e-05,0.5085,0.969625,1,19,,,19
perfetto-cache-r2-scroll,112,0,12,0,676,676,2,1193,115,68,172,0.000667,0.533209,1.245333,,,,2,
perfetto-cache-r2-scroll,113,0,11,0,669,669,4,812,58,12,66,0.000667,0.556166,0.963708,,,,1,
perfetto-cache-r2-scroll,114,1,19,13,669,669,18,1246,173,72,174,0.000792,0.558875,1.626084,1,13,,8,
perfetto-cache-r2-scroll,115,1,14,12,669,669,,1270,170,71,174,8.3e-05,0.505167,1.4745,1,22,,,10
perfetto-cache-r2-scroll,116,1,14,4,669,669,,914,106,16,71,8.3e-05,0.500375,0.976166,1,19,,,15
perfetto-cache-r2-scroll,117,0,14,0,669,669,,915,105,15,71,4.1e-05,0.489458,0.969666,1,19,,,19
perfetto-cache-r2-scroll,118,0,10,0,669,669,1,59,49,11,10,0.001542,0.597334,0.244292,,,,1,
perfetto-cache-r2-scroll,119,1,18,13,676,676,14,1271,170,73,177,0.000875,0.618833,1.712333,1,13,,7,
perfetto-cache-r2-scroll,120,1,14,12,676,676,,1291,171,72,177,8.3e-05,0.509958,1.70075,1,22,,,10
perfetto-cache-r2-scroll,121,1,14,4,676,676,,928,106,16,72,8.3e-05,0.505375,0.978417,1,19,,,15
perfetto-cache-r2-scroll,122,0,14,0,676,676,,929,105,15,72,4.2e-05,0.508458,0.988083,1,19,,,19
perfetto-cache-r2-scroll,123,0,12,0,676,676,2,824,60,13,66,0.000708,0.53375,1.033208,,,,2,
perfetto-cache-r2-scroll,124,0,11,0,669,669,4,812,58,12,66,0.000916,0.534958,0.77575,,,,1,
perfetto-cache-r2-scroll,125,1,19,13,669,669,18,1246,173,72,174,0.001375,0.55825,1.730375,1,13,,8,
perfetto-cache-r2-scroll,126,1,14,12,669,669,,1270,170,71,174,8.3e-05,0.494417,1.526959,1,22,,,10
perfetto-cache-r2-scroll,127,1,14,4,669,669,,914,106,16,71,8.3e-05,0.625042,1.040416,1,19,,,15
perfetto-cache-r2-scroll,128,0,14,0,669,669,,915,105,15,71,8.4e-05,0.529375,1.031666,1,19,,,19
perfetto-cache-r2-scroll,129,0,10,0,669,669,1,59,49,11,10,0.00175,0.54175,0.188667,,,,1,
perfetto-cache-r2-scroll,130,1,19,13,669,669,18,1246,173,72,174,0.000583,0.547584,1.56575,1,13,,8,
perfetto-cache-r2-scroll,131,1,14,12,669,669,,1270,170,71,174,8.3e-05,0.59775,1.526542,1,22,,,10
perfetto-cache-r2-scroll,132,1,14,4,669,669,,914,106,16,71,8.3e-05,0.519459,1.011125,1,19,,,15
perfetto-cache-r2-scroll,133,0,14,0,669,669,,915,105,15,71,8.4e-05,0.585708,1.087709,1,19,,,19
perfetto-cache-r2-scroll,134,0,10,0,669,669,1,59,49,11,10,0.00125,0.880708,0.28475,,,,1,
perfetto-cache-r2-scroll,135,1,18,13,676,676,14,1271,170,73,177,0.000625,0.550458,1.638501,1,13,,7,
perfetto-cache-r2-scroll,136,1,14,12,676,676,,1291,171,72,177,8.3e-05,0.610375,1.606042,1,22,,,10
perfetto-cache-r2-scroll,137,1,14,4,676,676,,928,106,16,72,8.3e-05,0.517333,0.979916,1,19,,,15
perfetto-cache-r2-scroll,138,0,14,0,676,676,,929,105,15,72,0.000125,0.51075,0.973916,1,19,,,19
perfetto-cache-r2-scroll,139,0,12,0,676,676,2,1193,115,68,172,0.00075,0.683208,1.744792,,,,2,
perfetto-cache-r2-scroll,140,0,11,0,669,669,4,812,58,12,66,0.001,0.581083,0.990625,,,,1,
perfetto-cache-r2-scroll,141,1,19,13,669,669,18,1246,173,72,174,0.000583,0.604458,1.53275,1,13,,8,
perfetto-cache-r2-scroll,142,1,14,12,669,669,,1270,170,71,174,8.4e-05,0.493917,1.428667,1,22,,,10
perfetto-cache-r2-scroll,143,1,14,4,669,669,,914,106,16,71,4.2e-05,0.493416,0.958,1,19,,,15
perfetto-cache-r2-scroll,144,0,14,0,669,669,,915,105,15,71,4.2e-05,0.529167,0.960083,1,19,,,19
perfetto-cache-r2-scroll,145,0,10,0,669,669,1,59,49,11,10,0.000666,0.556084,0.247334,,,,1,
perfetto-cache-r2-scroll,146,1,18,13,676,676,14,1271,170,73,177,0.000917,0.5475,1.54325,1,13,,7,
perfetto-cache-r2-scroll,147,1,14,12,676,676,,1291,171,72,177,4.1e-05,0.501416,1.459292,1,22,,,10
perfetto-cache-r2-scroll,148,1,14,4,676,676,,928,106,16,72,4.2e-05,0.5105,0.964083,1,19,,,15
perfetto-cache-r2-scroll,149,0,14,0,676,676,,929,105,15,72,8.3e-05,0.5295,0.9735,1,19,,,19
perfetto-cache-r2-scroll,150,0,12,0,676,676,2,1193,115,68,172,0.000792,0.534416,1.374166,,,,2,
perfetto-cache-r2-scroll,151,0,11,0,669,669,4,812,58,12,66,0.000667,0.527375,0.767875,,,,1,
perfetto-cache-r2-scroll,152,1,19,13,669,669,18,1246,173,72,174,0.0005,0.534459,1.611333,1,13,,8,
perfetto-cache-r2-scroll,153,1,14,12,669,669,,1270,170,71,174,4.2e-05,0.486791,1.444,1,22,,,10
perfetto-cache-r2-scroll,154,1,14,4,669,669,,914,106,16,71,8.4e-05,0.491208,0.975,1,19,,,15
perfetto-cache-r2-scroll,155,0,14,0,669,669,,915,105,15,71,8.3e-05,0.530542,1.011209,1,19,,,19
perfetto-cache-r2-scroll,156,0,12,0,669,669,2,1172,114,67,169,0.000833,0.516583,1.246,,,,2,
perfetto-cache-r2-scroll,157,1,19,13,669,669,18,1246,173,72,174,0.000416,0.539333,1.477458,1,13,,8,
perfetto-cache-r2-scroll,158,1,14,12,669,669,,1270,170,71,174,4.2e-05,0.48175,1.412375,1,22,,,10
perfetto-cache-r2-scroll,159,1,14,4,669,669,,914,106,16,71,8.3e-05,0.474541,0.979834,1,19,,,15
perfetto-cache-r2-scroll,160,0,14,0,669,669,,915,105,15,71,4.1e-05,0.492292,0.939375,1,19,,,19
perfetto-cache-r2-scroll,161,0,10,0,669,669,1,59,49,11,10,0.000667,0.626,0.22225,,,,1,
perfetto-cache-r2-scroll,162,1,18,13,676,676,14,1271,170,73,177,0.000417,0.541792,1.854625,1,13,,7,
perfetto-cache-r2-scroll,163,1,14,12,676,676,,1291,171,72,177,8.4e-05,0.497875,1.524167,1,22,,,10
perfetto-cache-r2-scroll,164,1,14,4,676,676,,928,106,16,72,8.3e-05,0.512625,0.977333,1,19,,,15
perfetto-cache-r2-scroll,165,0,14,0,676,676,,929,105,15,72,0.000125,0.486584,0.957208,1,19,,,19
perfetto-cache-r2-scroll,166,0,10,0,676,676,1,59,49,11,10,0.000792,0.607416,0.257459,,,,1,
perfetto-cache-r2-scroll,167,0,11,0,669,669,4,812,58,12,66,0.000709,0.579125,0.77825,,,,1,
perfetto-cache-r2-scroll,168,1,19,13,669,669,18,1246,173,72,174,0.000666,0.537875,1.574042,1,13,,8,
perfetto-cache-r2-scroll,169,1,14,12,669,669,,1270,170,71,174,8.3e-05,0.683291,1.537458,1,22,,,10
perfetto-cache-r2-scroll,170,1,14,4,669,669,,914,106,16,71,8.3e-05,0.481667,0.959792,1,19,,,15
perfetto-cache-r2-scroll,171,0,14,0,669,669,,915,105,15,71,4.2e-05,0.491208,0.988458,1,19,,,19
perfetto-cache-r2-scroll,172,0,10,0,669,669,1,59,49,11,10,0.001208,0.623333,0.256417,,,,1,
perfetto-cache-r2-scroll,173,1,18,13,676,676,14,1271,170,73,177,0.000458,0.664125,1.545125,1,13,,7,
perfetto-cache-r2-scroll,174,1,14,12,676,676,,1291,171,72,177,8.3e-05,0.4935,1.465125,1,22,,,10
perfetto-cache-r2-scroll,175,1,14,4,676,676,,928,106,16,72,4.2e-05,0.479917,0.99325,1,19,,,15
perfetto-cache-r2-scroll,176,0,14,0,676,676,,929,105,15,72,8.3e-05,0.482917,0.944958,1,19,,,19
perfetto-cache-r2-scroll,177,0,10,0,676,676,1,59,49,11,10,0.001125,0.623542,0.251375,,,,1,
perfetto-cache-r2-scroll,178,0,11,0,669,669,4,812,58,12,66,0.000875,0.588333,0.811125,,,,1,
perfetto-cache-r2-scroll,179,1,19,13,669,669,18,1246,173,72,174,0.000667,0.54775,1.55375,1,13,,8,
perfetto-cache-r2-scroll,180,1,14,12,669,669,,1270,170,71,174,8.4e-05,0.487209,1.605958,1,22,,,10
perfetto-cache-r2-scroll,181,1,14,4,669,669,,914,106,16,71,4.2e-05,0.517916,0.965959,1,19,,,15
perfetto-cache-r2-scroll,182,0,14,0,669,669,,915,105,15,71,8.4e-05,0.473542,0.975667,1,19,,,19
perfetto-cache-r2-scroll,183,0,12,0,669,669,2,1172,114,67,169,0.00225,0.512416,1.241,,,,2,
perfetto-cache-r2-scroll,184,1,19,13,669,669,18,1246,173,72,174,0.000791,0.559209,1.693375,1,13,,8,
perfetto-cache-r2-scroll,185,1,14,12,669,669,,1270,170,71,174,8.4e-05,0.480917,1.423417,1,22,,,10
perfetto-cache-r2-scroll,186,1,14,4,669,669,,914,106,16,71,8.3e-05,0.479708,0.998458,1,19,,,15
perfetto-cache-r2-scroll,187,0,14,0,669,669,,915,105,15,71,8.3e-05,0.476709,0.939125,1,19,,,19
perfetto-cache-r2-scroll,188,0,12,0,669,669,2,1172,114,67,169,0.000625,0.524333,1.335875,,,,2,
perfetto-cache-r2-scroll,189,1,18,13,676,676,14,1271,170,73,177,0.000666,0.568667,1.518125,1,13,,7,
perfetto-cache-r2-scroll,190,1,14,12,676,676,,1291,171,72,177,4.2e-05,0.491833,1.441625,1,22,,,10
perfetto-cache-r2-scroll,191,1,14,4,676,676,,928,106,16,72,4.2e-05,0.486333,0.964125,1,19,,,15
perfetto-cache-r2-scroll,192,0,14,0,676,676,,929,105,15,72,4.1e-05,0.481542,0.950334,1,19,,,19
perfetto-cache-r2-scroll,193,0,11,0,669,669,4,812,58,12,66,0.000834,0.566208,0.857166,,,,1,
perfetto-cache-r2-scroll,194,1,26,26,669,669,34,1322,230,78,178,0.001083,0.725292,5.321709,2,26,,14,
perfetto-cache-r2-scroll,195,1,18,24,669,669,,1362,232,76,178,0.00025,0.605625,1.913916,2,44,,,20
perfetto-cache-r2-scroll,196,1,18,8,669,669,,1011,159,21,76,0.00025,0.672417,1.464625,2,38,,,30
perfetto-cache-r2-scroll,197,0,18,0,669,669,,1013,157,19,76,0.000667,0.802333,1.887875,2,38,,,38
perfetto-cache-r2-scroll,198,1,26,26,669,669,34,1322,230,78,178,0.000917,0.5685,1.854292,2,26,,14,
perfetto-cache-r2-scroll,199,1,18,24,669,669,,1362,232,76,178,8.3e-05,0.529625,1.794875,2,44,,,20
perfetto-cache-r2-scroll,200,1,18,8,669,669,,1011,159,21,76,8.3e-05,0.640708,1.416,2,38,,,30
perfetto-cache-r2-scroll,201,0,18,0,669,669,,1013,157,19,76,0.000458,0.625625,1.840708,2,38,,,38
perfetto-cache-r2-scroll,202,1,19,13,669,669,18,1246,173,72,174,0.000792,0.556291,1.554834,1,13,,8,
perfetto-cache-r2-scroll,203,1,14,12,669,669,,1270,170,71,174,8.3e-05,0.791708,1.606875,1,22,,,10
perfetto-cache-r2-scroll,204,1,14,4,669,669,,914,106,16,71,0.000625,0.741083,1.8625,1,19,,,15
perfetto-cache-r2-scroll,205,0,14,0,669,669,,915,105,15,71,0.000958,0.533417,1.117584,1,19,,,19
perfetto-cache-r2-scroll,206,1,19,13,669,669,18,1246,173,72,174,0.000709,0.559083,1.540375,1,13,,8,
perfetto-cache-r2-scroll,207,1,14,12,669,669,,1270,170,71,174,8.3e-05,0.633666,1.667375,1,22,,,10
perfetto-cache-r2-scroll,208,1,14,4,669,669,,914,106,16,71,0.000542,0.655708,1.237625,1,19,,,15
perfetto-cache-r2-scroll,209,0,14,0,669,669,,915,105,15,71,0.00025,0.534792,1.088833,1,19,,,19
perfetto-cache-r2-scroll,210,1,18,13,676,676,14,1271,170,73,177,0.000541,0.573958,1.622625,1,13,,7,
perfetto-cache-r2-scroll,211,1,14,12,676,676,,1291,171,72,177,0.000167,0.67125,1.656208,1,22,,,10
perfetto-cache-r2-scroll,212,1,14,4,676,676,,928,106,16,72,8.3e-05,0.5745,1.039042,1,19,,,15
perfetto-cache-r2-scroll,213,0,14,0,676,676,,929,105,15,72,0.000334,0.576125,1.04675,1,19,,,19
perfetto-cache-r2-scroll,214,0,11,0,669,669,4,812,58,12,66,0.000834,0.580167,0.807375,,,,1,
perfetto-cache-r2-scroll,215,1,19,13,669,669,18,1246,173,72,174,0.001,1.19475,1.982084,1,13,,8,
perfetto-cache-r2-scroll,216,1,14,12,669,669,,1270,170,71,174,0.000167,0.646125,1.618166,1,22,,,10
perfetto-cache-r2-scroll,217,1,14,4,669,669,,914,106,16,71,8.3e-05,0.562834,1.016834,1,19,,,15
perfetto-cache-r2-scroll,218,0,14,0,669,669,,915,105,15,71,4.2e-05,0.528959,0.980875,1,19,,,19
perfetto-cache-r2-scroll,219,1,19,13,669,669,18,1246,173,72,174,0.002583,0.621709,1.80875,1,13,,8,
perfetto-cache-r2-scroll,220,1,14,12,669,669,,1270,170,71,174,0.0005,0.91625,1.947084,1,22,,,10
perfetto-cache-r2-scroll,221,1,14,4,669,669,,914,106,16,71,0.00025,0.554583,1.070959,1,19,,,15
perfetto-cache-r2-scroll,222,0,14,0,669,669,,915,105,15,71,8.3e-05,0.676084,0.977583,1,19,,,19
perfetto-cache-r2-scroll,223,1,19,13,669,669,18,1246,173,72,174,0.000792,0.572625,1.556167,1,13,,8,
perfetto-cache-r2-scroll,224,1,14,12,669,669,,1270,170,71,174,0.000125,0.520708,1.542167,1,22,,,10
perfetto-cache-r2-scroll,225,1,14,4,669,669,,914,106,16,71,8.3e-05,0.606833,1.051291,1,19,,,15
perfetto-cache-r2-scroll,226,0,14,0,669,669,,915,105,15,71,0.000125,0.727584,1.10975,1,19,,,19
perfetto-cache-r2-scroll,227,1,19,13,669,669,18,1246,173,72,174,0.000958,0.608209,1.650042,1,13,,8,
perfetto-cache-r2-scroll,228,1,14,12,669,669,,1270,170,71,174,8.4e-05,0.50625,1.45825,1,22,,,10
perfetto-cache-r2-scroll,229,1,14,4,669,669,,914,106,16,71,4.1e-05,0.509084,0.967875,1,19,,,15
perfetto-cache-r2-scroll,230,0,14,0,669,669,,915,105,15,71,4.2e-05,0.523541,0.968708,1,19,,,19
perfetto-cache-r2-scroll,231,1,19,13,669,669,18,1246,173,72,174,0.000625,0.59125,1.563125,1,13,,8,
perfetto-cache-r2-scroll,232,1,14,12,669,669,,1270,170,71,174,8.3e-05,0.503333,1.475542,1,22,,,10
perfetto-cache-r2-scroll,233,1,14,4,669,669,,914,106,16,71,8.3e-05,0.505625,1.019167,1,19,,,15
perfetto-cache-r2-scroll,234,0,14,0,669,669,,915,105,15,71,8.3e-05,0.630083,0.991,1,19,,,19
perfetto-cache-r2-scroll,235,1,18,13,676,676,14,1271,170,73,177,0.001166,0.579875,1.733875,1,13,,7,
perfetto-cache-r2-scroll,236,1,14,12,676,676,,1291,171,72,177,8.4e-05,0.512416,1.507584,1,22,,,10
perfetto-cache-r2-scroll,237,1,14,4,676,676,,928,106,16,72,8.3e-05,0.527,1.011042,1,19,,,15
perfetto-cache-r2-scroll,238,0,14,0,676,676,,929,105,15,72,0.00025,0.623,1.15375,1,19,,,19
perfetto-cache-r2-scroll,239,0,11,0,669,669,4,812,58,12,66,0.000583,0.5645,0.816542,,,,1,
perfetto-cache-r2-scroll,240,1,19,13,669,669,18,1246,173,72,174,0.00075,0.550417,1.565208,1,13,,8,
perfetto-cache-r2-scroll,241,1,14,12,669,669,,1270,170,71,174,4.2e-05,0.495792,1.452167,1,22,,,10
perfetto-cache-r2-scroll,242,1,14,4,669,669,,914,106,16,71,8.4e-05,0.556125,1.0125,1,19,,,15
perfetto-cache-r2-scroll,243,0,14,0,669,669,,915,105,15,71,8.3e-05,0.590625,1.127125,1,19,,,19
perfetto-cache-r2-scroll,244,1,19,13,669,669,18,1246,173,72,174,0.000542,0.5515,1.544041,1,13,,8,
perfetto-cache-r2-scroll,245,1,14,12,669,669,,1270,170,71,174,8.4e-05,0.523834,1.517916,1,22,,,10
perfetto-cache-r2-scroll,246,1,14,4,669,669,,914,106,16,71,4.1e-05,0.566542,1.005083,1,19,,,15
perfetto-cache-r2-scroll,247,0,14,0,669,669,,915,105,15,71,0.000167,0.725083,1.091083,1,19,,,19
perfetto-cache-r2-scroll,248,1,19,13,669,669,18,1246,173,72,174,0.000917,0.545625,1.620875,1,13,,8,
perfetto-cache-r2-scroll,249,1,14,12,669,669,,1270,170,71,174,8.3e-05,0.491666,1.467916,1,22,,,10
perfetto-cache-r2-scroll,250,1,14,4,669,669,,914,106,16,71,4.2e-05,0.496041,0.984875,1,19,,,15
perfetto-cache-r2-scroll,251,0,14,0,669,669,,915,105,15,71,0.000125,0.548083,1.005625,1,19,,,19
perfetto-cache-r2-scroll,252,1,19,13,669,669,18,1246,173,72,174,0.000709,0.585666,1.558375,1,13,,8,
perfetto-cache-r2-scroll,253,1,14,12,669,669,,1270,170,71,174,8.3e-05,0.495125,1.483167,1,22,,,10
perfetto-cache-r2-scroll,254,1,14,4,669,669,,914,106,16,71,8.4e-05,0.503875,0.988333,1,19,,,15
perfetto-cache-r2-scroll,255,0,14,0,669,669,,915,105,15,71,0.000167,0.860625,1.075625,1,19,,,19
perfetto-cache-r2-scroll,256,1,18,13,676,676,14,1271,170,73,177,0.001083,0.610167,1.694375,1,13,,7,
perfetto-cache-r2-scroll,257,1,14,12,676,676,,1291,171,72,177,8.3e-05,0.498333,1.631916,1,22,,,10
perfetto-cache-r2-scroll,258,1,14,4,676,676,,928,106,16,72,8.4e-05,0.512875,1.029917,1,19,,,15
perfetto-cache-r2-scroll,259,0,14,0,676,676,,929,105,15,72,8.3e-05,0.723625,1.269541,1,19,,,19
perfetto-cache-r2-scroll,260,0,11,0,669,669,4,812,58,12,66,0.001208,0.585458,0.999834,,,,1,
perfetto-cache-r2-scroll,261,1,19,13,669,669,18,1246,173,72,174,0.000708,0.803792,1.701,1,13,,8,
perfetto-cache-r2-scroll,262,1,14,12,669,669,,1270,170,71,174,8.4e-05,0.541583,1.527708,1,22,,,10
perfetto-cache-r2-scroll,263,1,14,4,669,669,,914,106,16,71,0.000167,0.725708,1.015,1,19,,,15
perfetto-cache-r2-scroll,264,0,14,0,669,669,,915,105,15,71,8.3e-05,0.569625,1.045084,1,19,,,19
perfetto-cache-r2-scroll,265,1,19,13,669,669,18,1246,173,72,174,0.00075,0.673291,1.896833,1,13,,8,
perfetto-cache-r2-scroll,266,1,14,12,669,669,,1270,170,71,174,8.3e-05,0.5505,1.57325,1,22,,,10
perfetto-cache-r2-scroll,267,1,14,4,669,669,,914,106,16,71,8.3e-05,0.530292,1.006084,1,19,,,15
perfetto-cache-r2-scroll,268,0,14,0,669,669,,915,105,15,71,0.000209,0.608875,1.112084,1,19,,,19
perfetto-cache-r2-scroll,269,1,19,13,669,669,18,1246,173,72,174,0.000708,0.561208,1.737959,1,13,,8,
perfetto-cache-r2-scroll,270,1,14,12,669,669,,1270,170,71,174,8.4e-05,0.500542,1.618666,1,22,,,10
perfetto-cache-r2-scroll,271,1,14,4,669,669,,914,106,16,71,8.4e-05,0.589833,0.982833,1,19,,,15
perfetto-cache-r2-scroll,272,0,14,0,669,669,,915,105,15,71,0.00025,0.619208,1.057542,1,19,,,19
perfetto-cache-r2-scroll,273,1,19,13,669,669,18,1246,173,72,174,0.000708,0.564584,1.718083,1,13,,8,
perfetto-cache-r2-scroll,274,1,14,12,669,669,,1270,170,71,174,8.3e-05,0.505083,1.674208,1,22,,,10
perfetto-cache-r2-scroll,275,1,14,4,669,669,,914,106,16,71,8.3e-05,0.501833,0.965834,1,19,,,15
perfetto-cache-r2-scroll,276,0,14,0,669,669,,915,105,15,71,8.3e-05,0.559625,0.982125,1,19,,,19
perfetto-cache-r2-scroll,277,1,19,13,669,669,18,1246,173,72,174,0.001041,0.588208,1.598125,1,13,,8,
perfetto-cache-r2-scroll,278,1,14,12,669,669,,1270,170,71,174,8.4e-05,0.504917,1.472,1,22,,,10
perfetto-cache-r2-scroll,279,1,14,4,669,669,,914,106,16,71,8.4e-05,0.532708,1.055709,1,19,,,15
perfetto-cache-r2-scroll,280,0,14,0,669,669,,915,105,15,71,0.000167,0.713458,1.088875,1,19,,,19
perfetto-cache-r2-scroll,281,1,18,13,676,676,14,1271,170,73,177,0.000667,0.612417,1.616333,1,13,,7,
perfetto-cache-r2-scroll,282,1,14,12,676,676,,1291,171,72,177,8.3e-05,0.551291,1.6015,1,22,,,10
perfetto-cache-r2-scroll,283,1,14,4,676,676,,928,106,16,72,8.3e-05,0.522959,0.97825,1,19,,,15
perfetto-cache-r2-scroll,284,0,14,0,676,676,,929,105,15,72,8.3e-05,0.688333,1.07975,1,19,,,19
perfetto-cache-r2-scroll,285,0,11,0,669,669,4,812,58,12,66,0.001125,0.604667,0.817792,,,,1,
perfetto-cache-r2-scroll,286,1,19,13,669,669,18,1246,173,72,174,0.000792,0.635542,1.729083,1,13,,8,
perfetto-cache-r2-scroll,287,1,14,12,669,669,,1270,170,71,174,0.000125,0.577667,1.562375,1,22,,,10
perfetto-cache-r2-scroll,288,1,14,4,669,669,,914,106,16,71,0.000125,0.547875,1.116167,1,19,,,15
perfetto-cache-r2-scroll,289,0,14,0,669,669,,915,105,15,71,0.000375,0.749458,1.575834,1,19,,,19
perfetto-cache-r2-scroll,290,1,18,13,676,676,14,1271,170,73,177,0.001084,0.625875,1.772584,1,13,,7,
perfetto-cache-r2-scroll,291,1,14,12,676,676,,1291,171,72,177,8.4e-05,0.55,1.608584,1,22,,,10
perfetto-cache-r2-scroll,292,1,14,4,676,676,,928,106,16,72,0.000209,0.569792,1.16875,1,19,,,15
perfetto-cache-r2-scroll,293,0,14,0,676,676,,929,105,15,72,8.4e-05,0.906958,1.025334,1,19,,,19
perfetto-cache-r2-scroll,294,0,11,0,669,669,4,812,58,12,66,0.001209,0.560167,0.798083,,,,1,
perfetto-height-r1-group-back,0,0,5,0,295,295,172,29,38,6,7,0.001166,0.539209,0.323417,,,,,
perfetto-height-r1-group-open,0,1,32,3,322,322,74,204,211,33,30,0.002667,1.272,2.0915,1,10,7,27,
perfetto-height-r1-group-open,1,1,12,1,322,322,,176,113,20,29,0.00025,0.728083,1.479583,1,10,2,,7
perfetto-height-r1-group-open,2,0,12,0,322,322,,169,107,20,29,0.000333,0.707958,1.392208,1,10,,,10
perfetto-height-r1-group-open,3,0,10,0,322,322,1,94,66,13,16,0.003375,0.640709,1.440333,,,,1,
perfetto-height-r1-group-open,4,1,220,167,520,520,397,4213,2611,225,225,0.001875,1.252708,31.214834,32,640,473,179,
perfetto-height-r1-group-open,5,1,131,101,520,520,,4419,3070,195,226,0.000708,1.33025,36.446333,32,1104,546,,457
perfetto-height-r1-group-open,6,1,131,6,520,520,,4419,3012,166,197,0.000208,1.358666,32.717083,32,1104,8,,1090
perfetto-height-r1-group-open,7,1,14,2,520,520,,1751,800,166,197,0.000208,1.413417,9.979958,2,259,,,257
perfetto-height-r1-group-open,8,0,14,0,520,520,,1316,278,50,110,0.000167,1.23825,4.428291,2,56,,,56
perfetto-height-r1-group-open,9,0,12,0,492,492,14,1689,690,147,172,0.002167,1.344541,10.59975,,189,,2,189
perfetto-height-r1-reader-back,0,0,27,0,492,492,24,395,112,31,52,0.002834,1.115667,1.699792,,16,,2,16
perfetto-height-r1-reader-back,1,1,32,5,499,499,17,5509,3994,203,243,0.003792,1.441334,53.095333,1,2095,15,10,2075
perfetto-height-r1-reader-back,2,1,14,3,499,499,,2213,1236,152,180,0.001125,1.217125,16.22475,1,400,18,,379
perfetto-height-r1-reader-back,3,0,14,0,499,499,,1644,744,151,179,0.000416,1.26325,9.106833,1,218,,,218
perfetto-height-r1-reader-back,4,0,11,0,492,492,4,1113,189,42,96,0.005667,1.548333,7.600167,,,,1,
perfetto-height-r1-reader-open,0,0,13,0,499,499,20,31,54,14,9,0.002667,1.058958,0.451875,,,,8,
perfetto-height-r1-reader-open,1,0,33,0,499,499,2,3336,2794,53,69,0.002584,1.379459,34.831416,,1706,,2,1706
perfetto-height-r1-reader-open,2,0,93,0,563,563,139,617,655,77,74,0.001459,1.573875,4.688959,,,,68,
perfetto-height-r1-reader-open,3,0,29,0,509,509,38,113,115,23,20,0.002416,2.097541,1.226041,,,,2,
perfetto-height-r1-reader-open,4,0,38,0,509,509,26,133,167,22,21,0.002792,2.625875,3.900958,,,,11,
perfetto-height-r1-reader-open,5,0,31,0,512,512,7,142,140,25,24,0.002291,1.383458,1.229292,,,,4,
perfetto-height-r1-scroll,0,1,18,5,499,499,14,1821,762,153,180,0.006459,2.676,17.825458,1,202,15,7,182
perfetto-height-r1-scroll,1,1,14,3,499,499,,2213,1236,152,180,0.000666,2.803416,24.128041,1,400,18,,379
perfetto-height-r1-scroll,2,0,14,0,499,499,,1644,744,151,179,0.000792,1.977542,18.394125,1,218,,,218
perfetto-height-r1-scroll,3,1,18,5,506,506,14,1896,803,158,186,0.0045,1.271958,15.797584,1,216,15,7,196
perfetto-height-r1-scroll,4,1,14,3,506,506,,2288,1277,157,186,0.000167,2.683542,29.5405,1,414,18,,393
perfetto-height-r1-scroll,5,0,14,0,506,506,,1697,766,156,185,0.000917,2.325167,18.820083,1,225,,,225
perfetto-height-r1-scroll,6,1,25,10,520,520,27,2094,910,170,199,0.002584,3.403542,25.280375,2,243,30,13,203
perfetto-height-r1-scroll,7,1,18,6,520,520,,2508,1418,168,199,0.000542,1.135542,36.831667,2,464,36,,422
perfetto-height-r1-scroll,8,0,18,0,520,520,,1895,886,166,197,0.00075,2.445083,18.343083,2,268,,,268
perfetto-height-r1-scroll,9,1,18,5,527,527,14,2091,890,173,204,0.004542,1.423,15.276041,1,244,15,7,224
perfetto-height-r1-scroll,10,1,14,3,527,527,,2513,1400,172,204,0.0005,2.634959,39.171292,1,456,18,,435
perfetto-height-r1-scroll,11,0,14,0,527,527,,1856,832,171,203,0.000125,2.836084,15.16125,1,246,,,246
perfetto-height-r1-scroll,12,1,33,15,548,548,41,2410,1065,193,223,0.003042,2.805041,32.26925,3,284,45,20,224
perfetto-height-r1-scroll,13,1,22,9,548,548,,2878,1641,189,224,0.000334,2.648375,33.78,3,542,54,,479
perfetto-height-r1-scroll,14,0,22,0,548,548,,2199,1050,186,221,0.000583,2.033167,25.043875,3,325,,,325
perfetto-height-r1-scroll,15,0,10,0,548,548,1,358,66,13,49,0.005792,2.46075,3.13275,,,,1,
perfetto-height-r1-scroll,16,1,32,15,569,569,40,2622,1168,207,242,0.003709,3.467625,29.527,3,319,45,19,259
perfetto-height-r1-scroll,17,1,22,9,569,569,,3103,1764,204,242,0.000458,1.802625,42.552042,3,584,54,,521
perfetto-height-r1-scroll,18,0,22,0,569,569,,2358,1116,201,239,0.000625,1.426917,29.711667,3,346,,,346
perfetto-height-r1-scroll,19,0,12,0,569,569,2,2386,987,202,238,0.00325,2.440875,31.860833,,280,,2,280
perfetto-height-r1-scroll,20,1,25,10,583,583,27,3167,1757,215,253,0.001875,1.842083,35.283458,2,558,30,13,518
perfetto-height-r1-scroll,21,1,18,6,583,583,,3183,1787,213,253,0.000541,2.749583,46.613167,2,590,36,,548
perfetto-height-r1-scroll,22,0,18,0,583,583,,2372,1084,211,251,0.0005,1.242042,20.064375,2,331,,,331
perfetto-height-r1-scroll,23,1,33,15,604,604,41,2905,1267,233,271,0.002667,3.355792,26.695584,3,347,45,20,287
perfetto-height-r1-scroll,24,1,22,9,604,604,,3478,1969,229,272,0.000333,3.617,38.271208,3,654,54,,591
perfetto-height-r1-scroll,25,0,22,0,604,604,,2623,1226,226,269,0.000458,3.458791,21.791417,3,381,,,381
perfetto-height-r1-scroll,26,1,26,10,618,618,28,2962,1270,241,282,0.00325,3.653208,41.8255,2,355,30,14,315
perfetto-height-r1-scroll,27,1,18,6,618,618,,3558,1992,238,283,0.000791,2.076833,39.021416,2,660,36,,618
perfetto-height-r1-scroll,28,0,18,0,618,618,,2637,1194,236,281,0.000292,2.882125,27.032709,2,366,,,366
perfetto-height-r1-scroll,29,0,12,0,618,618,2,1825,299,69,155,0.00225,2.425209,9.18275,,14,,2,14
perfetto-height-r1-scroll,30,1,32,15,639,639,40,3177,1344,257,302,0.003541,3.812917,37.957667,3,368,45,19,308
perfetto-height-r1-scroll,31,1,22,9,639,639,,3853,2174,254,302,0.000542,3.761542,46.241917,3,724,54,,661
perfetto-height-r1-scroll,32,0,22,0,639,639,,2888,1336,251,299,0.000166,3.512292,31.77375,3,416,,,416
perfetto-height-r1-scroll,33,0,10,0,639,639,1,462,66,13,62,0.004291,1.888875,10.775583,,,,1,
perfetto-height-r1-scroll,34,1,32,15,660,660,40,3402,1467,272,320,0.003917,1.85825,36.1935,3,410,45,19,350
perfetto-height-r1-scroll,35,1,22,9,660,660,,4078,2297,269,320,0.001083,2.006542,38.703333,3,766,54,,703
perfetto-height-r1-scroll,36,0,22,0,660,660,,3047,1402,266,317,0.000416,1.47025,18.112625,3,437,,,437
perfetto-height-r1-scroll,37,1,41,20,669,669,62,3543,1563,280,327,0.001875,2.835667,20.157042,4,430,60,27,350
perfetto-height-r1-scroll,38,1,26,12,669,669,,4237,2413,275,328,0.000208,1.881625,31.526333,4,802,72,,718
perfetto-height-r1-scroll,39,0,26,0,669,669,,3199,1508,271,324,0.00025,1.851416,28.743042,4,473,,,473
perfetto-height-r1-scroll,40,0,12,0,669,669,2,3248,1335,272,323,0.002,3.408875,38.193959,,385,,2,385
perfetto-height-r1-scroll,41,1,47,25,676,676,79,4343,2437,286,335,0.005,3.818875,63.248792,5,758,75,32,658
perfetto-height-r1-scroll,42,1,30,15,676,676,,4382,2513,281,335,0.000458,2.437666,67.012416,5,838,90,,733
perfetto-height-r1-scroll,43,0,30,0,676,676,,3344,1606,276,330,0.00175,2.366875,24.975208,5,509,,,509
perfetto-height-r1-scroll,44,0,12,0,669,669,5,2136,381,88,185,0.003709,2.415667,19.48025,,35,,2,35
perfetto-height-r1-scroll,45,1,26,10,669,669,34,3344,1385,275,326,0.002291,2.909708,42.961,2,383,30,14,343
perfetto-height-r1-scroll,46,1,18,6,669,669,,4097,2295,273,326,0.000709,3.005542,56.140541,2,758,36,,716
perfetto-height-r1-scroll,47,0,18,0,669,669,,3015,1356,271,324,0.000334,4.106916,29.044833,2,415,,,415
perfetto-height-r1-scroll,48,0,12,0,669,669,2,3218,1299,272,323,0.003084,1.700042,23.671542,,371,,2,371
perfetto-height-r1-scroll,49,1,40,20,669,669,66,4205,2353,279,328,0.001791,2.494834,47.948,4,738,60,26,658
perfetto-height-r1-scroll,50,1,26,12,669,669,,4237,2413,275,328,0.0005,1.925541,35.5785,4,802,72,,718
perfetto-height-r1-scroll,51,0,26,0,669,669,,3199,1508,271,324,0.000292,1.597792,62.182625,4,473,,,473
perfetto-height-r1-scroll,52,0,10,0,669,669,1,494,66,13,66,0.002542,1.400208,3.2085,,,,1,
perfetto-height-r1-scroll,53,1,26,10,669,669,34,3404,1457,275,326,0.001708,1.701416,24.673667,2,411,30,14,371
perfetto-height-r1-scroll,54,1,18,6,669,669,,4097,2295,273,326,0.000375,1.63675,39.938,2,758,36,,716
perfetto-height-r1-scroll,55,0,18,0,669,669,,3015,1356,271,324,0.000583,1.585791,21.896667,2,415,,,415
perfetto-height-r1-scroll,56,1,48,25,676,676,80,3666,1629,287,334,0.00125,1.543083,30.625333,5,443,75,33,343
perfetto-height-r1-scroll,57,1,30,15,676,676,,4382,2513,281,335,0.00025,1.510459,38.029875,5,838,90,,733
perfetto-height-r1-scroll,58,0,30,0,676,676,,3344,1606,276,330,0.000583,1.505833,19.713375,5,509,,,509
perfetto-height-r1-scroll,59,0,12,0,676,676,2,3323,1376,277,329,0.001958,1.660167,23.988542,,399,,2,399
perfetto-height-r1-scroll,60,1,33,15,669,669,53,4142,2310,277,327,0.001542,2.645666,48.501459,3,732,45,20,672
perfetto-height-r1-scroll,61,1,22,9,669,669,,4167,2354,274,327,0.001625,2.290917,45.193292,3,780,54,,717
perfetto-height-r1-scroll,62,0,22,0,669,669,,3107,1432,271,324,0.000542,3.085416,36.98975,3,444,,,444
perfetto-height-r1-scroll,63,1,26,10,669,669,34,3389,1439,275,326,0.002125,1.414625,41.095042,2,404,30,14,364
perfetto-height-r1-scroll,64,1,18,6,669,669,,4097,2295,273,326,0.0005,2.396959,31.764959,2,758,36,,716
perfetto-height-r1-scroll,65,0,18,0,669,669,,3015,1356,271,324,0.000291,3.273042,32.726458,2,415,,,415
perfetto-height-r1-scroll,66,1,40,20,676,676,63,3590,1566,284,334,0.002667,3.291708,43.370542,4,430,60,26,350
perfetto-height-r1-scroll,67,1,26,12,676,676,,4312,2454,280,334,0.000375,3.755042,61.850208,4,816,72,,732
perfetto-height-r1-scroll,68,0,26,0,676,676,,3252,1530,276,330,0.000625,2.074917,40.170875,4,480,,,480
perfetto-height-r2-group-back,0,0,5,0,295,295,169,29,38,6,7,0.00175,1.290708,0.72325,,,,,
perfetto-height-r2-group-open,0,1,32,3,322,322,74,204,211,33,30,0.001625,0.744458,2.543709,1,10,7,27,
perfetto-height-r2-group-open,1,1,12,1,322,322,,176,113,20,29,0.000291,0.710041,1.825416,1,10,2,,7
perfetto-height-r2-group-open,2,0,12,0,322,322,,169,107,20,29,0.000459,0.537209,2.641583,1,10,,,10
perfetto-height-r2-group-open,3,0,10,0,322,322,1,94,66,13,16,0.002167,0.6735,0.797125,,,,1,
perfetto-height-r2-group-open,4,1,220,167,520,520,397,4213,2611,225,225,0.00225,2.731792,52.151875,32,640,473,179,
perfetto-height-r2-group-open,5,1,131,101,520,520,,4419,3070,195,226,0.000833,2.2025,67.769917,32,1104,546,,457
perfetto-height-r2-group-open,6,1,131,6,520,520,,4419,3012,166,197,0.000833,2.76275,68.922791,32,1104,8,,1090
perfetto-height-r2-group-open,7,1,14,2,520,520,,1751,800,166,197,0.000375,3.147083,18.834708,2,259,,,257
perfetto-height-r2-group-open,8,0,14,0,520,520,,1316,278,50,110,0.000375,3.061292,9.142209,2,56,,,56
perfetto-height-r2-group-open,9,0,12,0,492,492,14,1689,690,147,172,0.004625,2.729083,14.066583,,189,,2,189
perfetto-height-r2-reader-back,0,0,27,0,492,492,24,395,112,31,52,0.001709,1.301583,1.569334,,16,,2,16
perfetto-height-r2-reader-back,1,1,32,5,499,499,17,5509,3994,203,243,0.002792,2.034208,101.556083,1,2095,15,10,2075
perfetto-height-r2-reader-back,2,1,14,3,499,499,,2213,1236,152,180,0.001166,1.297333,37.988625,1,400,18,,379
perfetto-height-r2-reader-back,3,0,14,0,499,499,,1644,744,151,179,0.001083,2.698292,24.551583,1,218,,,218
perfetto-height-r2-reader-back,4,0,11,0,492,492,4,1113,189,42,96,0.004042,1.482958,6.896292,,,,1,
perfetto-height-r2-reader-open,0,0,13,0,499,499,20,31,54,14,9,0.002833,2.589375,1.602125,,,,8,
perfetto-height-r2-reader-open,1,0,33,0,499,499,2,3331,2799,53,69,0.002917,4.073875,79.915542,,1711,,2,1711
perfetto-height-r2-reader-open,2,0,93,0,563,563,139,617,655,77,74,0.003959,2.800708,11.309583,,,,68,
perfetto-height-r2-reader-open,3,0,29,0,509,509,38,113,115,23,20,0.002625,1.344,1.008375,,,,2,
perfetto-height-r2-reader-open,4,0,38,0,509,509,26,133,167,22,21,0.002958,2.846416,2.993,,,,11,
perfetto-height-r2-reader-open,5,0,31,0,512,512,7,142,140,25,24,0.003708,1.613958,2.704625,,,,4,
perfetto-height-r2-scroll,0,1,18,5,499,499,14,1821,762,153,180,0.003917,2.650875,18.501583,1,202,15,7,182
perfetto-height-r2-scroll,1,1,14,3,499,499,,2213,1236,152,180,0.00125,2.010041,35.505625,1,400,18,,379
perfetto-height-r2-scroll,2,0,14,0,499,499,,1644,744,151,179,0.0005,3.488791,21.272875,1,218,,,218
perfetto-height-r2-scroll,3,1,18,5,506,506,14,1896,803,158,186,0.003791,1.962,14.557708,1,216,15,7,196
perfetto-height-r2-scroll,4,1,14,3,506,506,,2288,1277,157,186,0.000375,2.801042,28.114208,1,414,18,,393
perfetto-height-r2-scroll,5,0,14,0,506,506,,1697,766,156,185,0.0005,2.997292,22.110667,1,225,,,225
perfetto-height-r2-scroll,6,1,39,20,534,534,53,2370,1078,184,213,0.003916,1.65225,15.41175,4,283,60,25,203
perfetto-height-r2-scroll,7,1,26,12,534,534,,2798,1618,180,213,0.000583,2.145042,38.7225,4,536,72,,452
perfetto-height-r2-scroll,8,0,26,0,534,534,,2185,1082,176,209,0.000166,2.485708,19.062625,4,340,,,340
perfetto-height-r2-scroll,9,0,10,0,534,534,1,342,66,13,47,0.002625,3.242125,3.527542,,,,1,
perfetto-height-r2-scroll,10,1,39,20,562,562,53,2655,1224,204,237,0.001916,1.476334,30.04475,4,332,60,25,252
perfetto-height-r2-scroll,11,1,26,12,562,562,,3098,1782,200,237,0.000625,2.455583,40.936333,4,592,72,,508
perfetto-height-r2-scroll,12,0,26,0,562,562,,2397,1170,196,233,0.000667,1.737959,35.70875,4,368,,,368
perfetto-height-r2-scroll,13,0,12,0,562,562,2,2341,982,197,232,0.003666,2.41925,29.050792,,280,,2,280
perfetto-height-r2-scroll,14,1,39,20,590,590,53,3368,1884,224,261,0.002333,3.524292,45.725042,4,584,60,25,504
perfetto-height-r2-scroll,15,1,26,12,590,590,,3398,1946,220,261,0.000416,3.405541,38.251584,4,648,72,,564
perfetto-height-r2-scroll,16,0,26,0,590,590,,2609,1258,216,257,0.000417,4.111042,33.755667,4,396,,,396
perfetto-height-r2-scroll,17,1,19,5,597,597,16,2719,1158,224,263,0.00325,3.414625,28.03175,1,328,15,9,308
perfetto-height-r2-scroll,18,1,14,3,597,597,,3263,1810,222,264,0.000209,1.567917,35.3465,1,596,18,,575
perfetto-height-r2-scroll,19,0,14,0,597,597,,2386,1052,221,263,0.0005,1.554958,27.274,1,316,,,316
perfetto-height-r2-scroll,20,1,19,5,604,604,15,2734,1127,229,269,0.001667,4.164542,22.728167,1,314,15,8,294
perfetto-height-r2-scroll,21,1,14,3,604,604,,3338,1851,227,270,0.000666,2.156292,29.510375,1,610,18,,589
perfetto-height-r2-scroll,22,0,14,0,604,604,,2439,1074,226,269,0.000667,2.896042,27.300875,1,323,,,323
perfetto-height-r2-scroll,23,0,10,0,604,604,1,422,66,13,57,0.001375,1.065625,1.251584,,,,1,
perfetto-height-r2-scroll,24,1,25,10,618,618,27,2934,1232,240,283,0.003875,1.498333,23.758167,2,341,30,13,301
perfetto-height-r2-scroll,25,1,18,6,618,618,,3558,1992,238,283,0.00075,1.529875,39.763709,2,660,36,,618
perfetto-height-r2-scroll,26,0,18,0,618,618,,2637,1194,236,281,0.000916,1.681292,26.483584,2,366,,,366
perfetto-height-r2-scroll,27,0,12,0,618,618,2,1825,299,69,155,0.002792,2.92975,6.961625,,14,,2,14
perfetto-height-r2-scroll,28,1,25,10,632,632,27,3039,1260,250,295,0.001916,4.012708,37.026375,2,348,30,13,308
perfetto-height-r2-scroll,29,1,18,6,632,632,,3708,2074,248,295,0.001458,2.02825,44.256917,2,688,36,,646
perfetto-height-r2-scroll,30,0,18,0,632,632,,2743,1238,246,293,0.000541,3.592,34.946541,2,380,,,380
perfetto-height-r2-scroll,31,1,33,15,653,653,41,3325,1428,268,313,0.002042,4.143167,41.343584,3,396,45,20,336
perfetto-height-r2-scroll,32,1,22,9,653,653,,4003,2256,264,314,0.000792,3.609291,49.793084,3,752,54,,689
perfetto-height-r2-scroll,33,0,22,0,653,653,,2994,1380,261,311,0.000459,2.518125,36.166875,3,430,,,430
perfetto-height-r2-scroll,34,1,19,5,660,660,15,3244,1347,269,317,0.002333,2.752042,26.991875,1,384,15,8,364
perfetto-height-r2-scroll,35,1,14,3,660,660,,3938,2179,267,318,0.000708,2.371584,41.298,1,722,18,,701
perfetto-height-r2-scroll,36,0,14,0,660,660,,2863,1250,266,317,0.000208,2.99825,33.053458,1,379,,,379
perfetto-height-r2-scroll,37,0,10,0,660,660,1,486,66,13,65,0.003209,1.463208,1.548458,,,,1,
perfetto-height-r2-scroll,38,1,33,15,669,669,45,3437,1464,277,327,0.001416,2.092125,27.475959,3,403,45,20,343
perfetto-height-r2-scroll,39,1,22,9,669,669,,4167,2354,274,327,0.002333,3.918542,46.2085,3,780,54,,717
perfetto-height-r2-scroll,40,0,22,0,669,669,,3107,1432,271,324,0.000209,3.667417,28.108791,3,444,,,444
perfetto-height-r2-scroll,41,0,10,0,669,669,1,494,66,13,66,0.003208,2.746084,1.51,,,,1,
perfetto-height-r2-scroll,42,1,26,10,669,669,34,3389,1439,275,326,0.003959,4.16725,46.684292,2,404,30,14,364
perfetto-height-r2-scroll,43,1,18,6,669,669,,4097,2295,273,326,0.000375,4.538875,42.994125,2,758,36,,716
perfetto-height-r2-scroll,44,0,18,0,669,669,,3015,1356,271,324,0.000291,4.143209,23.920042,2,415,,,415
perfetto-height-r2-scroll,45,1,34,15,669,669,51,3450,1484,278,326,0.00475,1.903334,42.039084,3,410,45,21,350
perfetto-height-r2-scroll,46,1,22,9,669,669,,4167,2354,274,327,0.000625,3.301333,44.643833,3,780,54,,717
perfetto-height-r2-scroll,47,0,22,0,669,669,,3107,1432,271,324,0.000625,4.197584,24.375708,3,444,,,444
perfetto-height-r2-scroll,48,1,27,10,669,669,36,3387,1441,276,325,0.00325,4.107917,42.06725,2,404,30,16,364
perfetto-height-r2-scroll,49,1,18,6,669,669,,4097,2295,273,326,0.000458,4.374292,50.858292,2,758,36,,716
perfetto-height-r2-scroll,50,0,18,0,669,669,,3015,1356,271,324,0.000417,4.052875,24.515334,2,415,,,415
perfetto-height-r2-scroll,51,0,12,0,669,669,2,2091,327,76,176,0.00625,3.524667,11.27875,,14,,2,14
perfetto-height-r2-scroll,52,1,33,15,669,669,50,3422,1446,277,327,0.0015,2.180834,28.218084,3,396,45,20,336
perfetto-height-r2-scroll,53,1,22,9,669,669,,4167,2354,274,327,0.000625,3.361917,45.144916,3,780,54,,717
perfetto-height-r2-scroll,54,0,22,0,669,669,,3107,1432,271,324,0.000125,2.634542,28.788625,3,444,,,444
perfetto-height-r2-scroll,55,0,10,0,669,669,1,494,66,13,66,0.0025,2.354959,1.58825,,,,1,
perfetto-height-r2-scroll,56,1,26,10,669,669,34,3389,1439,275,326,0.003667,4.290083,35.772167,2,404,30,14,364
perfetto-height-r2-scroll,57,1,18,6,669,669,,4097,2295,273,326,0.000459,3.156959,53.71125,2,758,36,,716
perfetto-height-r2-scroll,58,0,18,0,669,669,,3015,1356,271,324,0.00075,2.789417,22.989417,2,415,,,415
perfetto-height-r2-scroll,59,1,41,20,669,669,67,3528,1545,280,327,0.001583,2.419584,36.243875,4,423,60,27,343
perfetto-height-r2-scroll,60,1,26,12,669,669,,4237,2413,275,328,0.00025,3.650541,52.083541,4,802,72,,718
perfetto-height-r2-scroll,61,0,26,0,669,669,,3199,1508,271,324,0.0005,4.031833,33.456666,4,473,,,473
perfetto-height-r2-scroll,62,1,27,10,676,676,33,3462,1482,281,331,0.004,2.584458,46.933042,2,418,30,16,378
perfetto-height-r2-scroll,63,1,18,6,676,676,,4172,2336,278,332,0.000334,4.146291,44.826125,2,772,36,,730
perfetto-height-r2-scroll,64,0,18,0,676,676,,3068,1378,276,330,0.000541,2.433876,35.689625,2,422,,,422
perfetto-height-r2-scroll,65,1,33,15,669,669,53,3452,1482,277,327,0.001041,3.602,27.239375,3,410,45,20,350
perfetto-height-r2-scroll,66,1,22,9,669,669,,4167,2354,274,327,0.0005,1.769417,46.962916,3,780,54,,717
perfetto-height-r2-scroll,67,0,22,0,669,669,,3107,1432,271,324,0.000416,1.471709,31.691833,3,444,,,444
perfetto-height-r2-scroll,68,1,19,5,669,669,18,3311,1378,273,325,0.003333,2.067792,37.624625,1,391,15,8,371
perfetto-height-r2-scroll,69,1,14,3,669,669,,4027,2236,272,325,0.000625,2.044333,40.883042,1,736,18,,715
perfetto-height-r2-scroll,70,0,14,0,669,669,,2923,1280,271,324,0.000542,2.637291,26.8255,1,386,,,386
perfetto-height-r2-scroll,71,1,18,5,676,676,14,3343,1363,278,331,0.005,3.623083,34.007791,1,384,15,7,364
perfetto-height-r2-scroll,72,1,14,3,676,676,,4102,2277,277,331,0.000542,1.796292,50.286834,1,750,18,,729
perfetto-height-r2-scroll,73,0,14,0,676,676,,2976,1302,276,330,0.00025,1.856292,29.44625,1,393,,,393
perfetto-height-r2-scroll,74,1,40,20,669,669,69,3515,1525,279,328,0.003958,4.231083,37.990083,4,416,60,26,336
perfetto-height-r2-scroll,75,1,26,12,669,669,,4237,2413,275,328,0.000333,1.8375,47.466083,4,802,72,,718
perfetto-height-r2-scroll,76,0,26,0,669,669,,3199,1508,271,324,0.000792,4.161167,32.01275,4,473,,,473
perfetto-r1-group-back,0,0,5,0,295,295,169,29,38,6,7,0.002125,0.586083,0.352875,,,,,
perfetto-r1-group-open,0,1,32,4,322,322,74,204,211,33,30,0.002625,1.530292,1.979167,1,10,6,27,
perfetto-r1-group-open,1,1,12,2,322,322,,176,113,20,29,0.000958,1.121708,1.478833,1,10,2,,6
perfetto-r1-group-open,2,0,12,0,322,322,,169,107,20,29,0.000708,1.487125,2.242625,1,10,,,10
perfetto-r1-group-open,3,0,10,0,322,322,1,94,66,13,16,0.003375,1.515125,2.368042,,,,1,
perfetto-r1-group-open,4,1,220,413,520,520,397,4213,2611,225,225,0.001958,1.882208,48.120875,32,640,227,179,
perfetto-r1-group-open,5,1,131,366,520,520,,4448,3099,195,226,0.001667,2.461791,74.198709,32,1133,368,,399
perfetto-r1-group-open,6,1,131,131,520,520,,4415,3016,166,197,0.00175,2.830416,48.762917,32,1108,181,,796
perfetto-r1-group-open,7,1,131,5,520,520,,4415,3008,166,197,0.000875,2.598167,51.146125,32,1104,1,,1098
perfetto-r1-group-open,8,1,15,1,520,520,,1747,804,166,197,0.000666,0.984833,11.281208,3,263,,,262
perfetto-r1-group-open,9,0,12,0,520,520,,1310,258,50,110,0.000125,1.394167,7.510625,1,40,,,40
perfetto-r1-group-open,10,0,12,0,492,492,14,1689,690,147,172,0.00325,2.928375,23.01,,189,,2,189
perfetto-r1-reader-back,0,0,27,0,492,492,24,395,112,31,52,0.002333,1.431459,2.486083,,16,,2,16
perfetto-r1-reader-back,1,1,32,13,499,499,17,5509,3994,203,243,0.002291,2.161333,75.185125,1,2095,7,10,2075
perfetto-r1-reader-back,2,1,14,12,499,499,,2214,1237,152,180,0.000792,2.358375,16.822208,1,401,12,,377
perfetto-r1-reader-back,3,1,14,4,499,499,,1644,744,151,179,0.000375,1.066833,14.993291,1,218,6,,208
perfetto-r1-reader-back,4,0,14,0,499,499,,1261,284,47,102,0.000291,1.368208,7.831833,1,36,,,36
perfetto-r1-reader-back,5,0,11,0,492,492,4,1113,189,42,96,0.001875,1.3155,5.487125,,,,1,
perfetto-r1-reader-open,0,0,13,0,499,499,20,31,54,14,9,0.001917,0.9905,0.403542,,,,8,
perfetto-r1-reader-open,1,0,33,0,499,499,2,3336,2794,53,69,0.001875,1.319208,67.729125,,1706,,2,1706
perfetto-r1-reader-open,2,0,93,0,563,563,139,617,655,77,74,0.001791,1.194333,4.558375,,,,68,
perfetto-r1-reader-open,3,0,29,0,509,509,38,113,115,23,20,0.002,1.11025,0.912708,,,,2,
perfetto-r1-reader-open,4,0,38,0,509,509,26,133,167,22,21,0.001958,1.688125,2.700708,,,,11,
perfetto-r1-reader-open,5,0,31,0,512,512,7,142,140,25,24,0.0035,6.945417,9.461917,,,,4,
perfetto-r1-scroll,0,1,18,13,499,499,14,1821,762,153,180,0.003291,1.217083,20.975667,1,202,7,7,182
perfetto-r1-scroll,1,1,14,12,499,499,,2214,1237,152,180,0.001167,2.688291,28.996584,1,401,12,,377
perfetto-r1-scroll,2,1,14,4,499,499,,1644,744,151,179,0.000792,2.213084,14.861166,1,218,6,,208
perfetto-r1-scroll,3,0,14,0,499,499,,1261,284,47,102,0.0005,2.810667,9.758708,1,36,,,36
perfetto-r1-scroll,4,1,18,13,506,506,14,1896,803,158,186,0.002292,1.698583,19.545542,1,216,7,7,196
perfetto-r1-scroll,5,1,14,12,506,506,,2289,1278,157,186,0.001042,1.438708,23.9155,1,415,12,,391
perfetto-r1-scroll,6,1,14,4,506,506,,1697,766,156,185,0.000291,1.244167,16.431709,1,225,6,,215
perfetto-r1-scroll,7,0,14,0,506,506,,1299,288,48,105,0.000959,1.233875,10.199541,1,36,,,36
perfetto-r1-scroll,8,1,32,39,527,527,40,2232,994,177,206,0.003334,1.303875,29.693458,3,263,21,19,203
perfetto-r1-scroll,9,1,22,36,527,527,,2656,1521,174,206,0.00075,2.588417,29.368041,3,503,36,,431
perfetto-r1-scroll,10,1,22,12,527,527,,2040,984,171,203,0.000958,2.1785,23.275417,3,304,18,,274
perfetto-r1-scroll,11,0,22,0,527,527,,1627,488,59,120,0.000667,2.246708,13.506542,3,108,,,108
perfetto-r1-scroll,12,1,19,13,534,534,15,2164,933,179,209,0.003625,3.066208,23.853542,1,258,7,8,238
perfetto-r1-scroll,13,1,14,12,534,534,,2589,1442,177,210,0.000417,2.74325,35.455792,1,471,12,,447
perfetto-r1-scroll,14,1,14,4,534,534,,1909,854,176,209,0.000833,1.84525,17.254583,1,253,6,,243
perfetto-r1-scroll,15,0,14,0,534,534,,1451,304,52,117,0.000541,2.706583,12.343875,1,36,,,36
perfetto-r1-scroll,16,1,40,52,562,562,54,2608,1172,205,236,0.001958,1.323041,24.593,4,311,28,26,231
perfetto-r1-scroll,17,1,26,48,562,562,,3102,1786,200,237,0.000667,1.372292,29.486583,4,596,48,,500
perfetto-r1-scroll,18,1,26,16,562,562,,2397,1170,196,233,0.000458,2.661584,29.629625,4,368,24,,328
perfetto-r1-scroll,19,0,26,0,562,562,,1924,602,68,138,0.001,1.693167,13.305125,4,144,,,144
perfetto-r1-scroll,20,0,12,0,562,562,2,2341,982,197,232,0.003375,2.652917,26.170666,,280,,2,280
perfetto-r1-scroll,21,1,39,52,590,590,53,3368,1884,224,261,0.004542,1.499166,42.956042,4,584,28,25,504
perfetto-r1-scroll,22,1,26,48,590,590,,3402,1950,220,261,0.000667,2.720583,47.738791,4,652,48,,556
perfetto-r1-scroll,23,1,26,16,590,590,,2609,1258,216,257,0.000583,1.428709,28.392875,4,396,24,,356
perfetto-r1-scroll,24,0,26,0,590,590,,2076,618,72,150,0.001708,2.359083,13.794584,4,144,,,144
perfetto-r1-scroll,25,0,12,0,590,590,2,1703,319,73,149,0.004458,2.978083,13.042125,,28,,2,28
perfetto-r1-scroll,26,1,32,39,611,611,40,2937,1252,237,278,0.003875,2.075375,34.921,3,340,21,19,280
perfetto-r1-scroll,27,1,22,36,611,611,,3556,2013,234,278,0.0015,3.020417,44.287584,3,671,36,,599
perfetto-r1-scroll,28,1,22,12,611,611,,2676,1248,231,275,0.002458,2.017083,25.649458,3,388,18,,358
perfetto-r1-scroll,29,0,22,0,611,611,,2083,536,71,156,0.000416,1.620667,14.009959,3,108,,,108
perfetto-r1-scroll,30,0,12,0,611,611,2,2746,1125,232,274,0.003542,1.878583,29.53125,,322,,2,322
perfetto-r1-scroll,31,1,39,52,639,639,53,3893,2171,259,303,0.001792,2.800042,38.880125,4,682,28,25,602
perfetto-r1-scroll,32,1,26,48,639,639,,3927,2237,255,303,0.00125,3.282208,47.16725,4,750,48,,654
perfetto-r1-scroll,33,1,26,16,639,639,,2980,1412,251,299,0.001,3.348375,32.749667,4,445,24,,405
perfetto-r1-scroll,34,0,26,0,639,639,,2342,646,79,171,0.00075,1.58175,16.89925,4,144,,,144
perfetto-r1-scroll,35,0,10,0,639,639,1,462,66,13,62,0.00375,3.317458,3.632542,,,,1,
perfetto-r1-scroll,36,1,32,39,660,660,40,3417,1485,272,320,0.002417,1.594292,21.464875,3,417,21,19,357
perfetto-r1-scroll,37,1,22,36,660,660,,4081,2300,269,320,0.000292,1.427625,29.22675,3,769,36,,697
perfetto-r1-scroll,38,1,22,12,660,660,,3047,1402,266,317,0.0005,1.423542,19.588542,3,437,18,,407
perfetto-r1-scroll,39,0,22,0,660,660,,2349,564,78,177,0.00025,1.36175,12.017875,3,108,,,108
perfetto-r1-scroll,40,0,10,0,660,660,1,486,66,13,65,0.001417,2.989,3.139917,,,,1,
perfetto-r1-scroll,41,1,26,26,669,669,29,3389,1439,275,326,0.003959,1.823333,36.860834,2,404,14,14,364
perfetto-r1-scroll,42,1,18,24,669,669,,4099,2297,273,326,0.001083,2.514833,46.308541,2,760,24,,712
perfetto-r1-scroll,43,1,18,8,669,669,,3015,1356,271,324,0.001625,1.653709,31.272542,2,415,12,,395
perfetto-r1-scroll,44,0,18,0,669,669,,2280,474,75,177,0.000541,3.584083,12.480958,2,72,,,72
perfetto-r1-scroll,45,0,10,0,669,669,1,494,66,13,66,0.003,1.382917,1.698208,,,,1,
perfetto-r1-scroll,46,1,26,26,669,669,34,3374,1421,275,326,0.005,3.615959,40.275542,2,397,14,14,357
perfetto-r1-scroll,47,1,18,24,669,669,,4099,2297,273,326,0.00075,1.529958,45.760792,2,760,24,,712
perfetto-r1-scroll,48,1,18,8,669,669,,3015,1356,271,324,0.000958,3.153083,36.051583,2,415,12,,395
perfetto-r1-scroll,49,0,18,0,669,669,,2280,474,75,177,0.000334,3.359333,16.426042,2,72,,,72
perfetto-r1-scroll,50,1,48,65,676,676,80,3666,1629,287,334,0.003666,2.689375,36.842167,5,443,35,33,343
perfetto-r1-scroll,51,1,30,60,676,676,,4387,2518,281,335,0.000958,3.460792,50.272292,5,843,60,,723
perfetto-r1-scroll,52,1,30,20,676,676,,3344,1606,276,330,0.001625,3.138125,25.143458,5,509,30,,459
perfetto-r1-scroll,53,0,30,0,676,676,,2639,760,88,189,0.000666,3.54175,17.049542,5,180,,,180
perfetto-r1-scroll,54,1,20,13,669,669,22,3339,1416,274,324,0.00475,3.768917,34.185542,1,405,7,9,385
perfetto-r1-scroll,55,1,14,12,669,669,,4028,2237,272,325,0.001083,2.197,37.774541,1,737,12,,713
perfetto-r1-scroll,56,1,14,4,669,669,,2923,1280,271,324,0.000792,2.615916,21.906625,1,386,6,,376
perfetto-r1-scroll,57,0,14,0,669,669,,2173,380,71,174,0.000416,3.37,13.403375,1,36,,,36
perfetto-r1-scroll,58,0,10,0,669,669,1,494,66,13,66,0.0025,2.139083,1.874917,,,,1,
perfetto-r1-scroll,59,1,40,52,676,676,63,3575,1548,284,334,0.003208,3.519333,42.222125,4,423,28,26,343
perfetto-r1-scroll,60,1,26,48,676,676,,4316,2458,280,334,0.00075,3.719834,47.248542,4,820,48,,724
perfetto-r1-scroll,61,1,26,16,676,676,,3252,1530,276,330,0.00075,4.049708,37.095542,4,480,24,,440
perfetto-r1-scroll,62,0,26,0,676,676,,2532,666,84,186,0.000584,1.686208,10.816292,4,144,,,144
perfetto-r1-scroll,63,0,10,0,676,676,1,502,66,13,67,0.002084,1.782417,1.767542,,,,1,
perfetto-r1-scroll,64,1,33,39,669,669,53,3482,1518,277,327,0.002292,1.6335,38.2715,3,424,21,20,364
perfetto-r1-scroll,65,1,22,36,669,669,,4170,2357,274,327,0.000958,2.580209,49.321416,3,783,36,,711
perfetto-r1-scroll,66,1,22,12,669,669,,3107,1432,271,324,0.000625,3.434875,32.174333,3,444,18,,414
perfetto-r1-scroll,67,0,22,0,669,669,,2387,568,79,180,0.002208,1.746541,17.086292,3,108,,,108
perfetto-r1-scroll,68,0,12,0,669,669,2,3233,1317,272,323,0.003,3.926625,35.828125,,378,,2,378
perfetto-r1-scroll,69,1,40,52,669,669,66,4205,2353,279,328,0.002458,3.557375,46.228583,4,738,28,26,658
perfetto-r1-scroll,70,1,26,48,669,669,,4241,2417,275,328,0.001208,1.755958,48.568833,4,806,48,,710
perfetto-r1-scroll,71,1,26,16,669,669,,3199,1508,271,324,0.001041,3.513792,34.024125,4,473,24,,433
perfetto-r1-scroll,72,0,26,0,669,669,,2494,662,83,183,0.001833,2.53775,18.07475,4,144,,,144
perfetto-r1-scroll,73,0,12,0,669,669,2,3248,1335,272,323,0.002125,2.476916,31.509458,,385,,2,385
perfetto-r1-scroll,74,1,40,52,669,669,66,4205,2353,279,328,0.003042,3.417125,52.127291,4,738,28,26,658
perfetto-r1-scroll,75,1,26,48,669,669,,4241,2417,275,328,0.000417,3.390375,41.707334,4,806,48,,710
perfetto-r1-scroll,76,1,26,16,669,669,,3199,1508,271,324,0.000917,2.9665,27.802083,4,473,24,,433
perfetto-r1-scroll,77,0,26,0,669,669,,2494,662,83,183,0.001458,2.312959,14.799459,4,144,,,144
perfetto-r2-group-back,0,0,5,0,295,295,169,29,38,6,7,0.00275,1.282583,0.81225,,,,,
perfetto-r2-group-open,0,1,32,4,322,322,74,204,211,33,30,0.003166,0.845625,1.941875,1,10,6,27,
perfetto-r2-group-open,1,1,12,2,322,322,,176,113,20,29,0.000375,1.36525,3.295875,1,10,2,,6
perfetto-r2-group-open,2,0,12,0,322,322,,169,107,20,29,0.000458,1.612167,1.656,1,10,,,10
perfetto-r2-group-open,3,0,10,0,322,322,1,94,66,13,16,0.005833,0.657542,0.759333,,,,1,
perfetto-r2-group-open,4,1,220,413,520,520,397,4213,2611,225,225,0.002083,2.659792,55.895167,32,640,227,179,
perfetto-r2-group-open,5,1,131,366,520,520,,4448,3099,195,226,0.001209,2.824709,75.484708,32,1133,368,,399
perfetto-r2-group-open,6,1,131,135,520,520,,4415,3016,166,197,0.000625,1.344708,67.214166,32,1108,181,,792
perfetto-r2-group-open,7,1,131,5,520,520,,4415,3008,166,197,0.001167,2.991292,56.8075,32,1104,1,,1098
perfetto-r2-group-open,8,1,15,1,520,520,,1747,804,166,197,0.000958,1.974083,16.130875,3,263,,,262
perfetto-r2-group-open,9,0,12,0,520,520,,1310,258,50,110,0.000291,2.6925,10.702417,1,40,,,40
perfetto-r2-group-open,10,0,12,0,492,492,14,1689,690,147,172,0.002708,1.165417,17.414125,,189,,2,189
perfetto-r2-reader-back,0,0,27,0,492,492,24,395,112,31,52,0.002542,4.0625,2.299792,,16,,2,16
perfetto-r2-reader-back,1,1,32,13,499,499,17,5509,3994,203,243,0.004417,2.933833,103.89325,1,2095,7,10,2075
perfetto-r2-reader-back,2,1,14,12,499,499,,2214,1237,152,180,0.001792,2.908458,23.986167,1,401,12,,377
perfetto-r2-reader-back,3,1,14,4,499,499,,1644,744,151,179,0.001583,1.247375,11.852792,1,218,6,,208
perfetto-r2-reader-back,4,0,14,0,499,499,,1261,284,47,102,0.00075,2.652625,12.095625,1,36,,,36
perfetto-r2-reader-back,5,0,11,0,492,492,4,1113,189,42,96,0.002917,2.525083,11.655458,,,,1,
perfetto-r2-reader-open,0,0,13,0,499,499,20,31,54,14,9,0.001459,1.079708,0.519958,,,,8,
perfetto-r2-reader-open,1,0,33,0,499,499,2,3331,2799,53,69,0.005459,1.229708,68.571375,,1711,,2,1711
perfetto-r2-reader-open,2,0,93,0,563,563,139,617,655,77,74,0.00675,2.548333,8.002958,,,,68,
perfetto-r2-reader-open,3,0,29,0,509,509,38,113,115,23,20,0.0035,2.77525,3.012334,,,,2,
perfetto-r2-reader-open,4,0,38,0,509,509,26,133,167,22,21,0.002542,1.266917,3.284667,,,,11,
perfetto-r2-reader-open,5,0,31,0,512,512,7,142,140,25,24,0.003,2.743458,3.149166,,,,4,
perfetto-r2-scroll,0,1,18,13,499,499,14,1821,762,153,180,0.00325,2.599167,24.862667,1,202,7,7,182
perfetto-r2-scroll,1,1,14,12,499,499,,2214,1237,152,180,0.000542,1.459791,30.351333,1,401,12,,377
perfetto-r2-scroll,2,1,14,4,499,499,,1644,744,151,179,0.00025,1.22325,12.820375,1,218,6,,208
perfetto-r2-scroll,3,0,14,0,499,499,,1261,284,47,102,0.000417,1.325167,11.342666,1,36,,,36
perfetto-r2-scroll,4,1,25,26,513,513,27,2034,887,165,193,0.002792,2.491958,17.284667,2,236,14,13,196
perfetto-r2-scroll,5,1,18,24,513,513,,2435,1379,163,193,0.000875,2.291666,27.39675,2,452,24,,404
perfetto-r2-scroll,6,1,18,8,513,513,,1842,864,161,191,0.001042,2.716958,17.229375,2,261,12,,241
perfetto-r2-scroll,7,0,18,0,513,513,,1444,386,53,111,0.000666,3.308292,15.578833,2,72,,,72
perfetto-r2-scroll,8,1,32,39,534,534,40,2307,1035,182,212,0.003125,2.744334,25.497584,3,277,21,19,217
perfetto-r2-scroll,9,1,22,36,534,534,,2731,1562,179,212,0.000583,2.66825,32.132667,3,517,36,,445
perfetto-r2-scroll,10,1,22,12,534,534,,2093,1006,176,209,0.000542,2.627166,19.096459,3,311,18,,281
perfetto-r2-scroll,11,0,22,0,534,534,,1665,492,60,123,0.001084,1.483167,15.964416,3,108,,,108
perfetto-r2-scroll,12,1,19,13,541,541,15,2224,956,184,215,0.003625,2.417916,16.452208,1,265,7,8,245
perfetto-r2-scroll,13,1,14,12,541,541,,2664,1483,182,216,0.0005,1.212833,30.928042,1,485,12,,461
perfetto-r2-scroll,14,1,14,4,541,541,,1962,876,181,215,0.0005,2.321792,14.916084,1,260,6,,250
perfetto-r2-scroll,15,0,14,0,541,541,,1489,308,53,120,0.000417,2.403042,10.368625,1,36,,,36
perfetto-r2-scroll,16,1,33,39,562,562,42,2530,1111,203,235,0.009709,1.758666,18.121833,3,298,21,21,238
perfetto-r2-scroll,17,1,22,36,562,562,,3031,1726,199,236,0.000917,2.509708,47.033042,3,573,36,,501
perfetto-r2-scroll,18,1,22,12,562,562,,2305,1094,196,233,0.000667,3.061583,31.15275,3,339,18,,309
perfetto-r2-scroll,19,0,22,0,562,562,,1817,508,64,135,0.000833,1.604875,19.266417,3,108,,,108
perfetto-r2-scroll,20,1,19,13,569,569,16,2464,1048,204,239,0.002791,2.10875,29.580458,1,293,7,9,273
perfetto-r2-scroll,21,1,14,12,569,569,,2964,1647,202,240,0.00125,2.845166,37.21675,1,541,12,,517
perfetto-r2-scroll,22,1,14,4,569,569,,2174,964,201,239,0.00125,2.863542,28.145959,1,288,6,,278
perfetto-r2-scroll,23,0,14,0,569,569,,1641,324,57,132,0.000792,2.153,8.456583,1,36,,,36
perfetto-r2-scroll,24,1,19,13,576,576,15,2494,1035,209,245,0.003083,3.510166,24.421458,1,286,7,8,266
perfetto-r2-scroll,25,1,14,12,576,576,,3039,1688,207,246,0.004417,3.005792,43.358417,1,555,12,,531
perfetto-r2-scroll,26,1,14,4,576,576,,2227,986,206,245,0.0015,2.339875,22.460209,1,295,6,,285
perfetto-r2-scroll,27,0,14,0,576,576,,1679,328,58,135,0.004458,2.865917,10.707,1,36,,,36
perfetto-r2-scroll,28,1,47,65,611,611,67,3106,1394,242,279,0.002667,3.177041,34.898291,5,373,35,32,273
perfetto-r2-scroll,29,1,30,60,611,611,,3698,2133,236,280,0.002875,3.34925,53.928125,5,717,60,,597
perfetto-r2-scroll,30,1,30,20,611,611,,2860,1400,231,275,0.000833,2.124583,19.625167,5,446,30,,396
perfetto-r2-scroll,31,0,30,0,611,611,,2297,724,79,162,0.000792,3.035041,24.574667,5,180,,,180
perfetto-r2-scroll,32,0,10,0,611,611,1,430,66,13,58,0.002042,4.435583,2.17125,,,,1,
perfetto-r2-scroll,33,1,46,65,646,646,66,3468,1579,266,310,0.004667,1.675292,39.284875,5,436,35,31,336
perfetto-r2-scroll,34,1,30,60,646,646,,4073,2338,261,310,0.000583,1.717208,63.956167,5,787,60,,667
perfetto-r2-scroll,35,1,30,20,646,646,,3125,1510,256,305,0.00125,2.078875,34.230833,5,481,30,,431
perfetto-r2-scroll,36,0,30,0,646,646,,2487,744,84,177,0.000792,3.441667,23.566459,5,180,,,180
perfetto-r2-scroll,37,0,10,0,646,646,1,470,66,13,63,0.002,3.037875,3.795792,,,,1,
perfetto-r2-scroll,38,1,32,39,667,667,40,3492,1526,277,326,0.003958,2.577083,40.894083,3,431,21,19,371
perfetto-r2-scroll,39,1,22,36,667,667,,4156,2341,274,326,0.002792,3.83025,60.1445,3,783,36,,711
perfetto-r2-scroll,40,1,22,12,667,667,,3100,1424,271,323,0.000708,1.615958,32.53375,3,444,18,,414
perfetto-r2-scroll,41,0,22,0,667,667,,2387,568,79,180,0.001708,3.62325,13.829875,3,108,,,108
perfetto-r2-scroll,42,0,12,0,667,667,2,3226,1309,272,322,0.003666,2.700083,35.253375,,378,,2,378
perfetto-r2-scroll,43,1,40,52,669,669,64,4205,2353,279,328,0.002334,1.605584,40.596417,4,738,28,26,658
perfetto-r2-scroll,44,1,26,48,669,669,,4241,2417,275,328,0.000458,1.423958,49.346542,4,806,48,,710
perfetto-r2-scroll,45,1,26,16,669,669,,3199,1508,271,324,0.000625,2.109875,27.79875,4,473,24,,433
perfetto-r2-scroll,46,0,26,0,669,669,,2494,662,83,183,0.000709,3.676375,17.678375,4,144,,,144
perfetto-r2-scroll,47,1,19,13,676,676,15,3386,1419,279,330,0.002292,3.677833,39.599834,1,405,7,8,385
perfetto-r2-scroll,48,1,14,12,676,676,,4103,2278,277,331,0.000791,3.000459,50.681833,1,751,12,,727
perfetto-r2-scroll,49,1,14,4,676,676,,2976,1302,276,330,0.000375,1.766334,22.550292,1,393,6,,383
perfetto-r2-scroll,50,0,14,0,676,676,,2211,384,72,177,0.000875,3.573042,14.666542,1,36,,,36
perfetto-r2-scroll,51,1,27,26,669,669,39,3357,1405,276,325,0.002833,1.81175,29.484709,2,390,14,16,350
perfetto-r2-scroll,52,1,18,24,669,669,,4099,2297,273,326,0.000709,3.518125,40.593208,2,760,24,,712
perfetto-r2-scroll,53,1,18,8,669,669,,3015,1356,271,324,0.000417,2.387958,32.243458,2,415,12,,395
perfetto-r2-scroll,54,0,18,0,669,669,,2280,474,75,177,0.002,3.552166,17.7625,2,72,,,72
perfetto-r2-scroll,55,1,19,13,676,676,15,3356,1383,279,330,0.006917,3.944333,46.3395,1,391,7,8,371
perfetto-r2-scroll,56,1,14,12,676,676,,4103,2278,277,331,0.000584,3.495875,58.261125,1,751,12,,727
perfetto-r2-scroll,57,1,14,4,676,676,,2976,1302,276,330,0.000792,2.012666,31.614417,1,393,6,,383
perfetto-r2-scroll,58,0,14,0,676,676,,2211,384,72,177,0.001583,2.070584,17.390666,1,36,,,36
perfetto-r2-scroll,59,0,12,0,676,676,2,3263,1304,277,329,0.002833,1.8885,38.886333,,371,,2,371
perfetto-r2-scroll,60,1,75,117,669,669,149,4520,2568,289,333,0.004458,1.709291,51.718459,9,768,63,56,588
perfetto-r2-scroll,61,1,46,108,669,669,,4596,2717,280,333,0.001083,3.933583,62.933334,9,921,108,,705
perfetto-r2-scroll,62,1,46,36,669,669,,3659,1888,271,324,0.003916,3.592333,44.243417,9,618,54,,528
perfetto-r2-scroll,63,0,46,0,669,669,,3029,1132,103,198,0.001417,2.749042,18.336209,9,324,,,324
perfetto-r2-scroll,64,0,12,0,669,669,2,3323,1425,272,323,0.001916,1.470917,39.071875,,420,,2,420
perfetto-r2-scroll,65,1,26,26,676,676,31,4154,2308,280,332,0.002375,1.400167,35.789375,2,740,14,14,700
perfetto-r2-scroll,66,1,18,24,676,676,,4174,2338,278,332,0.000834,1.852625,34.368416,2,774,24,,726
perfetto-r2-scroll,67,1,18,8,676,676,,3068,1378,276,330,0.000708,1.528333,26.860792,2,422,12,,402
perfetto-r2-scroll,68,0,18,0,676,676,,2318,478,76,180,0.000375,1.492375,14.282708,2,72,,,72
perfetto-r2-scroll,69,1,54,78,669,669,101,3686,1665,283,330,0.001333,2.063375,25.852833,6,449,42,38,329
perfetto-r2-scroll,70,1,34,72,669,669,,4383,2537,277,330,0.000292,1.304792,34.286375,6,852,72,,708
perfetto-r2-scroll,71,1,34,24,669,669,,3383,1660,271,324,0.000583,3.071125,32.324584,6,531,36,,471
perfetto-r2-scroll,72,0,34,0,669,669,,2708,850,91,189,0.000208,2.058125,16.895959,6,216,,,216
perfetto-r2-scroll,73,1,26,26,669,669,34,3434,1493,275,326,0.0015,1.566,23.159583,2,425,14,14,385
perfetto-r2-scroll,74,1,18,24,669,669,,4099,2297,273,326,0.000334,1.437708,35.718125,2,760,24,,712
perfetto-r2-scroll,75,1,18,8,669,669,,3015,1356,271,324,0.000667,2.2545,24.098792,2,415,12,,395
perfetto-r2-scroll,76,0,18,0,669,669,,2280,474,75,177,0.00025,2.734959,10.99925,2,72,,,72
